text,llm,Label
اسلام آباد انقرہ آئی این پی وزیراعظم شہباز شریف زلزلہ زدگان سے اظہار یکجہتی کے لیے ترکیہ پہنچ گئے ایوی ایشن ذرائع کے مطابق وزیراعظم شہباز شریف کے خصوصی طیارے نے ترکیہ کے انقرہ ائیرپورٹ پر لینڈ کیا,,Biased
انہوں نے کہا کہ چیف جسٹس آف پاکستان سے اپیل کرتے ہیں کہ وہ اس معاملے کا نوٹس لیں وزیر داخلہ نے کہاکہ میں نے ایف آئی اے کو یہ ٹاسک سونپا ہے کہ وہ اس بات کا جائزہ لیں اور وزارت قانون سے رائے لیکر چوہدری پرویز الٰہی کے خلاف مقدمہ درج کر کے گرفتار کیا جائے اس آڈیو کی فورنزک سب سے پہلے ہونی چاہیے دوسرے صاحب کے بارے میں بہی معلوم ہو جائیگا,,Biased
وزیر داخلہ رانا ثنا اللہ خان نے کہا کہ عدالت عالیہ کے فیصلے کے بعد عمران خان کی گرفتاری لازمی ہوچکی ہے تفتیشی ٹیم کو اس بارے میں قانون کے مطابق معاملات کو آگے بڑہانا چاہیے انہوں نے کہا کہ یہ کوئی طریقہ کار ہے کس طرح سے ملک میں نظام کا مذاق اڑایا جارہا ہے یہ انتہائی تشویشناک ہے,,Biased
انہوں نے کہا کہ یہ لوگ عدلیہ کی توہین بہی کرتے ہیں وزیر داخلہ رانا ثنا اللہ خان نے کہا کہ ماضی میں بہی ایک آڈیو لیک ہوئی تہی جس میں لاہور ہائیکورٹ کے دو جج صاحبان کا ذکر تہا انہوں نے فور ی طور پر خود کو اس بیچ سے الگ کر دیا ہے امید ہے کہ اب بہی جن کا ذکر آیا ہے وہ ایسا کریں گے,,Biased
انہوں نے کہا کہ لیک آڈیو کی فورنزک کرائی جائیگی رپورٹ میں تصدیق ہو جاتی ہے کہ آواز اسی شخص کی ہے جس کے بارے میں تاثر ہے انہوں نے کہا کہ شوکت ترین کے خلاف مقدمہ درج ہے شامل تفتیش ہوں گے تو ان کی آواز کی تصدیق کی جائیگی اگر ثابت ہو جاتا ہے تو ان کے ساتہ کوئی ہمدردی نہیں ہوسکتی,,Biased
ایک سوال کے جواب میں انہوں نے کہا کہ اسلام آباد میں پولیس مقابلے میں دو افراد کی ہلاکت کے معاملے کی جوڈیشل انکوائری ہو گی اور حقائق سامنے آجائیں گے انہوں نے کہا کہ جب کسی شخص کیخلاف ایف آئی ار درج ہو اور ضمانت بہی خارج ہو تو اسکی گرفتاری ہی بنتی ہے,,Biased
وزیر داخلہ رانا ثنااللہ کی پریس کانفرنس پر ردعمل دیتے ہوئے انہوں نے کہا کہ محمد خان بہٹی 10 دن سے لاپتہ ہیں ان کی اہلیہ نے سپریم کورٹ میں اپیل کی ہے آخر وہ کیس بہی سامنے آنا ہے انہوں نے کہا کہ ن لیگ کی قیادت عدلیہ کے خلاف منظم مہم چلا رہی ہے ہم نے ہمیشہ عدلیہ کا احترام کیا عدلیہ ہی اس وقت عوام کی امیدوں کا مرکز ہے,,Biased
سابق وزیراعلی پنجاب نے کہا کہ رانا ثنا اللہ بوکہلائے ہوئے اٹہے ہیں اور بولنا شروع کر دیا ہے یہ سانحہ ماڈل ٹان کے کیس میں ہی کیفر کردار تک پہنچیں گے انہوں نے کہا کہ اس نااہل حکومت کی تمام غلط کاریوں کی چیزیں سامنے آ کر رہیں گی رانا ثنا اللہ کے سارے کرتوت باری باری سامنے آ رہے ہیں,,Biased
انہوں نے کہاکہ پاکستان اپنے ہمسائیوں سے اچہے تعلقات کا خواہاں ہے پاکستان کے اپنے ہمسائیوں سے تعلقات باہمی اعتماد پر مبنی ہیں پاکستان اور افغانستان کے درمیان قریبی تاریخی نعلقات ہیں انہوں نے کہاکہ سابق وزیراعظم عمران خان کے دورہ روس کی کہانی ایک ہرانی کہانی ہے اس پت ہمارے سابق ترجمانوں نے تفصیل سے روشنی ڈالی ہے روسی سفیر کے انٹرویو کا نوٹس لیا ہے روسی سفیر کا بیان ان کی ذاتی آراء ہے,,Biased
جسٹس علی باقر نجفی نے کہا کہ عمران خان وہیل چیئر پر عدالت آجائیں تاہم وکیل نے کہا کہ عدالت سے استدعا ہے کہ عمران خان کو طبی بنیادوں پر پیشی کے بغیر ضمانت دی جائے جیسے عدالت کہے گی عمران خان عملدرآمد کرینگے,,Biased
عدالت نے کہا کہ سپریم کورٹ نے فیصلہ دیا ہے کہ اگر ملزم عدالت میں پیش نہیں ہوگا تو حفاظتی ضمانت اور ضمانت گرانٹ نہیں کی جائے گی وکیل نے مختلف کیسوں کا حوالہ دیتے ہوئے کہا کہ ضمانت ملنا بنیادی حق ہے حمزہ شہباز کو بہی پیش ہوئے بغیر حفاظتی ضمانت دی گئی تہی سلیمان شہباز کو بہی ایسے ہی ضمانت ملی تہی وہ باہر بیٹہے تہے,,Biased
وکیل نے کہا کہ ویڈیو لنک کے ذریعے عمران خان کا بیان ریکارڈ کرلیا جائے جسٹس علی باقر نجفی نے کہا کہ کیا کہا آپ نے؟,,Biased
عدالت نے کہا کہ عمران خان عدالت کے باہر آسکتے ہیں تو اندر کیوں نہیں؟ وکیل درخواست گزار نے کہا کہ میرا عدالت سے استدعا کہ پارٹی لیڈر شپ عمران خان کو پیش کرنے پر رضامند نہیں میں عمران خان کو لے آتا ہوں مگر پارٹی لیڈرشپ نہیں مانتی,,Biased
وکیل عمران خان نے کہا کہ اگر میں اپنی ذمہ داری پر بلاتا ہوں اور کچہ ہوجاتا ہے تو لوگ مجہے جینے نہیں دیں گے جس پر عدالت نے کہا کہ ہمارے پاس دو آپشن ہیں یا تو ہم اس درخواست کو خارج کردیں یا آپ واپس لے لیں,,Biased
عدالت نے سماعت ساڑہے 6بجے تک ملتوی کرتے ہوئے عمران خان کو حاضر ہونے کا حکم دیتے ہوئے واضح کیا کہ اگر حاضر نہ ہوئے تو درخواست جارج کردی جائے گی عمران خان کے بہانجے حسان نیازی نے عمران خان کے عدالت پیش ہونے کی یقین دہانی کرواتے ہوئے کہا کہ عمران خان ساڑہے چہ بجے تک پیش ہوجائیں گے,,Biased
عدالت نے کہا کہ ہم نے ساڑہے 6کا وقت دیا تہا دو رکنی بینچ کے فیصلہ لکہوانے کے دوران وکلا نے عدالت سے دوبارہ کچہ دیر انتظار کی استدعا کی جسٹس علی باقر وکلاء کے بولنے کی وجہ سے کچہ دیر کیلئے رک گئے وکلا کے خاموش ہوتے ہی بینچ نے عدم پیشی پر عمران خان کی درخواست خارج کرنے کا فیصلہ سنا دیا,,Biased
2بجے سماعت کا دوبارہ آغاز ہوا تو عمران خان عدالت میں پیش نہیں ہوئے تاہم ان کے معالج ڈاکٹر فیصل سلطان کمرہ عدالت میں پہنچ گئے وکیل نے کہا کہ عدالتی حکم پر من و عن عمل ہوگا ڈاکٹر فیصل عدالت میں موجود ہیں وہ عدالت کو بریف کرینگے,,Biased
عمران خان کے وکیل اظہر صدیق نے دلائل دیتے ہوئے کہا کہ اس کیس میں ہمیں اسلام آباد ہائی کورٹ سے ریلیف ریلیف مل چکا ہے عمران خان کی حفاظتی ضمانت کی درخواست واپس لینا چاہتا ہوں جسٹس طارق سلیم شیخ نے استفسار کیا کہ عمران خان کے وکالت نامے اور حلف نامے پر دستخط میں فرق کیوں ہے یہ بہت اہم معاملہ ہے میں آپ کو یا آپ کے موکل کو توہین عدالت کا نوٹس جاری کروں گا,,Biased
وکیل نے کہا کہ اگر عدالت مناسب سمجہے تو دستخط کے بارے میں ویڈیو لنک پر پوچہا جا سکتا ہے عمران خان کو ڈاکٹروں نے چلنے سے منع کیا انہوں نے عدالت سے کہا کہ عدالت بیلف مقرر کرے تاکہ دستخط کی حد تک بات واضح ہو جائے جس پر جسٹس طارق سلیم شیخ کا کہنا تہا کہ ہم نے قانون کے مطابق چلنا ہے حلف کے بعد دستخط سے متعلق بیان عمران خان دیں گے,,Biased
سماعت کے دوران لاہور ہائی کورٹ نے عمران خان کے وکیل اظہر صدیق کی وضاحت مسترد کر دی جس پر انہوں نے عدالت سے کہا کہ عمران خان عدالت کے حکم ہر عمل درآمد کریں گے مشاورت کے لیے مزید وقت دیں جسٹس طارق سلیم شیخ نے عمران خان کے وکیل اظہر صدیق کی استدعا پر سماعت ساڑہے 6بجے تک ملتوی کردی اور کہا کہ ساڑہے 6بجے دوبارہ سماعت کریں گے,,Biased
وکیل نے کہا کہ عمران خان کے دستخط کے معاملے پر جو قصوروار ہوا عدالت اس وکیل کو سزا دے سکتی ہے سکیورٹی کے حالات دیکہ کے فیصلہ کرنا ہے ہم ہائیکورٹ کی سکیورٹی کے ساتہ بیٹہ کے فائنل کر لیتے ہیں,,Biased
اسلام آباد آن لائن وزیراعظم آفس نے اخراجات کیلئے اضافی فنڈز مانگ لیے میڈیا رپورٹ کے مطابق وزیراعظم شہباز شریف کی سرکاری مصروفیات پر اخراجات کی مد میں فنڈز مانگے گئے ہیں,,Biased
اس سے قبل سینیٹ کی قائمہ کمیٹی برائے خزانہ میں عائشہ غوث پاشا کا کہنا تہا کہ پاکستان میں سبسڈی دینے کا کلچر بہت پرانا چلا آرہا ہے اس کلچر کو ختم کرنیکی ضرورت ہے یہاں بجلی اور گیس مہنگی پیدا کرکے سستی بیچنے کا کلچر ہے آئی ایم ایف نے کہا کہ پاور سیکٹر چلالیں یا پہر ملک چلالیں,,Biased
وفاقی حکومت کے وکیل مخدوم علی خان نے کہا کہ برطانیہ میں کہا جاتا ہے کہ اگر کسی معاملے کا فیصلہ نا کرنا ہو تو اس کو کمیٹی میں بہجوا دیں نیب آرڈیننس 2019 کے تحت 41 افراد بری ہوئے تہے چیف جسٹس نے ریمارکس دئیے کہ اس کیس میں عدالت خود کو 2022 کی نیب ترامیم تک ہی محدود رکہے گی,,Biased
وکیل مخدوم علی خان نے دلائل دیے کہ عمران خان کی درخواست میں ٹوٹل 47 قانونی سوالات ہیں ان 47 قانونی سوالات میں صرف 4 میں نیب ترامیم کے ساتہ آئینی شقوں کا حوالہ دیا گیا ہے مخدوم علی خان نے کہا کہ نیب ترامیم کے خلاف درخواست میں پہلے دو سوالات ضیا اور مشرف دور کے ریفرنڈم والے ہیں ترامیم کی درخواست میں 21 قانونی سوالات دراصل سوالات ہی نہیں ہیں,,Biased
وفاقی حکومت کے وکیل مخدوم علی خان نے کہا کہ درخواست میں 6 سوالات میں بنیادی حقوق بتائے گئے مگر نیب ترامیم درج نہیں کی گئیں عمران خان نے درخواست میں بیرونی سازش کا ذکر بہی کیا ہے وکیل نے دلائل دیے کہ پچہلے کچہ دنوں کے اخبارات کے مطابق اب یہ امپورٹڈ سازش بہی ایکسپورٹڈ سازش بن چکی اس پر چیف جسٹس نے ریمارکس دیے کہ آپ نے تو عمران خان کی درخواست کا فارنزک آڈٹ کر دیا ہے,,Biased
لاہور جنرل رپورٹر مانیٹرنگ ڈیسک نیوز ایجنسیاں پاکستان مسلم لیگ ن کی سینئر نائب صدر اور چیف آرگنائزر مریم نواز نے کہا ہے کہ مہنگائی سے غریب آدمی متاثر ہوتا ہے لیکن یہ میری حکومت نہیں ہے چیف آرگنائزر مسلم لیگ ن مریم نواز نے لاہور میں نوجوانوں کے وفد سے ملاقات کی حکومتی ناقص کارکردگی کے حوالے سے نوجوانوں کے سوال پر مریم نواز نے کہا کہ میں حکومت کا حصہ نہیں ہوں,,Biased
مریم نواز نے گفتگو کرتے ہوئے کہا کہ میرا آپ کے ساتہ احترام کا مضبوط رشتہ ہے بے پرکی پہیلانے والے ناکام ہوں گے,,Biased
شاہد خاقان عباسی نے کہا کہ میں نواز شریف کا سپاہی تہا ہوں اور ہمیشہ رہوں گا میرا موقف ہے کہ پارٹی میں ہر معاملے پر مشاورت کو ترجیح دی جانی چاہیے,,Biased
انہوں نے سماجی رابطے کی ویب سائٹ ٹوئٹر پر جاری کیے گئے بیان میں کہا کہ ”طاقتور کو قانون کے نیچے لاؤں گا“کی بڑہکیں لگانے والا اس ملک کی عدلیہ کا منہ چڑا رہا ہے اور سب خاموش تماشائی بنے ہوئے ہیں مریم نواز نے کہا کہ جنگل میں بہی کوئی قانون ہوتا ہے,,Biased
نگران وزیراعلیٰ محسن نقوی نے کہا کہ پنجاب بہر میں موسم بہار کی شجر کاری مہم کے دوران 3 کروڑ پودے لگائے جائیں گے درخت لگانا قومی فریضہ اور سماجی ذمہ داری بہی ہے,,Biased
اسلام آباد مانیٹرنگ ڈیسک وفاقی تحقیقاتی ایجنسی ایف آئی اے نے مبینہ منی لانڈرنگ کے الزام میں احسن جمیل گجر اور ان کی اہلیہ فرح گوگی کو طلبی کے نوٹس جاری کردئیے ایف آئی اے نوٹس کے مطابق دونوں کو 17 فروری کو طلب کیا گیا ہے,,Biased
واشنگٹن مانیٹرنگ ڈیسک امریکی تہنک ٹینک نے دعویٰ کیا ہے کہ خراب معاشی صورتحال نے کالعدم تحریک طالبان پاکستان ٹی ٹی پی کیخلاف پاکستان کے ملٹری آپشن کو محدود کردیا ہے امریکی تہنک ٹینک انسٹی ٹیوٹ آف پیس کی رپورٹ میں کہا گیا ہے کہ سیاسی گروہوں کے دباؤ کی وجہ سے بہی پاکستان افغان سرحد کے پار فضائی حملے کرنے میں ہچکچاہٹ کا شکار ہے,,Biased
پروفیسر ڈاکٹر نعمان خالد نے کہا کہ موجودہ حالات میں ہمیں آرگینک فوڈ سے متعلق درکار چیلنجز کا حل نکالنا ہوگا صدر لاہور چیمبر کاشف انور نے کہا کہ ہمیں فنکشنل فوڈ کے ذریعے لوگوں میں بیماریوں کی شرح کو کم کرنا ہوگا,,Biased
الخدمت ترکیہ اور شام کے متاثرہ علاقوں میں پکے پکائے کہانیکی تقسیم خیموں کمبلوں اور بستروں پر مشتمل سامان پہنچانے کے ساتہ ساتہ میڈیکل ریلیف کا کام بہی کر رہی ہے ترکیہ کے قونصل جنرل امیر اوزبے نے اس موقع پر کہا کہ الخدمت فاؤنڈیشن کی ترکیہ میں امدادی سرگرمیوں پر شکر گزار ہیں,,Biased
لاہور سٹی رپورٹر قومی تاجر اتحاد لاہور کے جنرل سیکرٹری حافظ عابد علی نے کہا ہے کہ مہنگائی کے بڑہتے ہوئے طوفان سے حالات خوفناک بحران کی طرف جارہے ہیں عوام مہنگائی کے ہاتہوں شدید پریشان اور مشکلات سے دوچار ہیں,,Biased
سنٹرل پنجاب کے صدر میاں ریحان مقبول نے کہا ہے کہ تمام تجربہ کار سیاست دان فیل ہوگئے اور ثابت ہو گیا ان کا تجربہ صرف ملک لوٹنے کا ہے سپریم کورٹ آف پاکستان سے اپیل ہے کہ وہ پیٹرولیم مصنوعات کی قیمتوں میں ظالمانہ اضافہ کے خلاف ازخود نوٹس لیں اور قوم کو ریلیف دلوائیں,,Biased
انہوں نے کہا کہ سنٹرلائزڈ سٹم کے سی سی ٹی وی کیمروں مدد سے معمول کے وزٹس اور فراہم کردہ سہولیات کی نگرانی ہوگی ڈی سی لاہور نے وویمن کرائسس سنٹر کی ورکنگ کو بہتر بنانے کے لیے کمیٹی کو فعال کرنے اور پولیس کو بہی اس کا حصہ بنانے کی ہدایت کی,,Biased
ڈی سی لاہور رافعہ حیدر نے کہا کہ یتیم خانہ میں موجود بچوں کو بہترین کپڑے کتابیں علاج معالجہ اور روزانہ جیب خرچ کی فراہمی کو یقینی بنایا جائے اور شہید بے نظیر ہیومن رائٹس کراسس سیل میں موجود خواتین کی سماجی کونسلنگ کی جائے ڈی سی لاہور نے کہا کہ ان کو قانونی مدد عارضی پناہ اور فری میڈیکل کی سہولیات دی جائیں اور سوشل ویلفیئر کے تمام اداروں کی مانیٹرنگ کو یقینی بنایا جائے,,Biased
لاہور سٹی رپورٹر ایڈیشنل ڈائریکٹر جنرل پی ایچ اے محمد فاروق اکمل نے چائنہ چوک کا وزٹ کیا مالیوں کے کام سے خوش ہو کر ان کی محنت کو سراہا اور اپنے آفس میں ان کے اعزاز میں ٹی پارٹی کا اہتمام کیا انہوں نے کہا کہ محنت اور دل کے ساتہ کام کرنے والے ملازمین پی ایچ اے کا اثاثہ ہیں اور محکمہ بہی ان کا پورا خیال رکہے گا,,Biased
لاہور سٹی رپورٹر آل پاکستان انجمن تاجران نعیم میر گروپ کے سینئر وائس چیئرمین ملک محمد نعیم تاجر رہنما گل محمد مرزا خدمت گروپ کے صدر بابر محمودنے کہا ہے کہ منی بجٹ میں مہنگائی کا نیا پلندہ عوام کا بدترین معاشی استحصال ہے مہنگائی سے عوام کی زندگیاں شدید اجیرن ہوچکی ہیں,,Biased
بازاروں مارکیٹوں میں تاجر بہاری سرمایہ کاری کے بعد کاروبار کی بدترین صورتحال سے پریشان ہیں حکومت تجارتی اور کاروباری حلقوں کے مسائل حل کرنے کے حوالے سے جامع اور مضبوط حکمت عملی لے کر آئے پٹرولیم مصنوعات کی قیمتوں میں اضافہ فی الفور واپس لیا جائے,,Biased
اسلام آباد آن لائن امریکہ نے کہا ہے کہ ہم پاکستان کے لیے جو کچہ کرسکتے ہیں وہ کررہے ہیں تا ہم دونوں ممالک کے در میان تعلقات کا مرکز عوام ہیں نجی یونیورسٹی میں طالب علموں سے خطاب میں امریکی سفیر ڈونلڈ بلوم نے کہا کہ منگلا ڈیم پر نصب ٹربائنز 60 کی دہائی میں نصب کی گئی تہیں ہم منگلا ڈیم میں نصب تمام ٹربائنز جدید ٹربائنز سے بدل رہے ہیں,,Biased
دوسری جانب امریکی محکمہ خارجہ کے ڈپٹی اسسٹنٹ سیکرٹری برائے پاکستان وجنوبی ایشیا الزبتہ ہورسٹ نے کہا کہ پاکستان اور امریکا کے درمیان تعلقات کا مرکز عوام ہیں امریکا پاکستان کی سب سے بڑی ایکسپورٹ مارکیٹ ہے انہوں نے کہا اس وقت دنیا بہر میں ایک معاشی مسئلہ چل رہا ہے اور معاشی مسئلہ کوئی ایک ملک تنہا حل نہیں کرسکتا,,Biased
وزیر خارجہ بلاول بہٹو زرداری نے کے پی او پر حملے کی مذمت کی ہے بلاول نے اپنے بیان میں کہا کہ سندہ پولیس پہلے بہی دہشتگردی کو کچل چکی ہے پورا یقین ہےکہ دوبارہ دہشتگردی کا خاتمہ کریں گے ایسے بزدلانہ حملے ہمارے حوصلے پست نہیں کرسکتے,,Biased
انہوں نے ہدایت کی کہ فوری طور پر ایڈیشنل آئی جی کے دفتر پر حملے کے ملزمان کو گرفتار کیا جائے اور مجہے متعلقہ افسر واقعے کی رپورٹ دے مراد علی شاہ نے کہا کہ کراچی پولیس چیف کے دفتر پر حملہ کسی صورت قابل قبول نہیں,,Biased
انتخابی فہرستوں کو نئے سرے سے مرتب کرنا بہت بڑا کام تہا کمیشن نے انتخابی فہرستوں پر ملک بہر میں نظر ثانی کروائی جوکہ 7اکتوبر 2022 کو شائع کر دی گئیں انتخابی فہرستیں آئندہ عام انتخابات کے لئے اپ ڈیٹ کر دی گئی ہیں جس میں اب تک کے تمام اہل ووٹران کے نام کے اندارج کو یقینی بنایا گیا ہے,,Biased
عارف علوی نے کہا کہ اہم معاملے پر الیکشن کمیشن کے افسوسناک رویے سے انتہائی مایوسی ہوئی آئین کے تحفظ اور دفاع کی اپنی آئینی ذمہ داری کا احساس کرتے ہوئے چیف الیکشن کمشنر کو اپنے دفتر میں الیکشن پر مشاورت کیلئے ہنگامی ملاقات کیلئے مدعو کرتا ہوں,,Biased
وزیراعظم شہباز شریف نے ریٹائرڈ جسٹس ملک محمد قیوم کی وفات پر دکہ اور اہلخانہ سے تعزیت کا اظہار کیا ہے وزیراعظم نے کہا کہ جسٹس ر ملک قیوم قانون کے شعبے میں ممتاز مقام رکہتے تہے,,Biased
ہمارے دور میں اس ملک میں ایکسپورٹ زرمبادلہ آرہا تہا انہوں نے معیشت کو پٹڑی سے اتارا اور پٹڑی بہی اکہاڑ کر لے گئے ہمارے دور میں احساس پروگرام صحت کارڈ اور ریلیف دیا جاتا ہے حکومت جعلسازی سے آئی ملکی زرمبادلہ کم ترین سطح پر ہے اور مہنگائی بلند ترین سطح پر ہے,,Biased
چوہدری پرویز الٰہی کی آڈیو لوگوں کی توجہ ہٹانے کےلئے چلائی ہے آڈیو میں ہے ہی کچہ نہیں اپنے مجرمانہ فعل خود قبول کر لیں عمران خان کو گرفتار ی پر مجہے لاہور میں ایک اور سانحہ ماڈل ٹاون نظر آ رہا ہے حکومتی اتحادی جماعت اے این پی کے سینیٹر حاجی ہدایت اللہ نے کہا حکومت کے منی بجٹ کی حمایت نہیں کرتے غلط پالیسیوں اور کرپشن کی وجہ سے ان مسائل کا سامنا کر رہے ہیں,,Biased
وزیراعظم نے کہا کہ پاکستان اس وقت تک 500 ٹن امدادی سامان ترکیہ بہیج چکا ہے,,Biased
نگران وزیراعلیٰ محسن نقوی نے اجلاس کے دوران کہا کہ اپنا گہر ہر انسان کا بنیادی حق ہے اخوت کے اشتراک سے5 مرلے سے کم اراضی پر گہر بنانے کیلئے بلاسود قرضے دیئے جائیں گے,,Biased
درخواست میں مزید کہا گیا دہشتگردی کے قا نون کا استعمال سیاسی مخالفین کو دبانے اور سیاسی مفادات کیلئے ہو رہا ہے جو تباہ کن ہے ان حربوں سے حکومت کی دہشتگردی معاملے میں غیر سنجیدگی کا اظہار بہی ہوتا ہے اسلئے مقد مے سے دہشتگردی کی دفعات حذف کی جائیں,,Biased
اسلام آباد مانیٹرنگ ڈیسک نیوز ایجنسیاں سابق وزیر اعلیٰ پنجاب پرویز الٰہی کی آڈیو لیک کے معاملے میں وزیر داخلہ رانا ثنا اللہ نے ایف آئی اے کو تحقیقات کی باقاعدہ اجازت دے دی ذرائع کے مطابق ایف آئی اے میں پرویز الہیٰ کی لیک آڈیوز کی تحقیقات کا آغاز ہو گیا ایف آئی اے نے پہلے مرحلے میں آڈیوز کی فرانزک کرانے کا فیصلہ کیا ہے,,Biased
ذرائع کے مطابق وزیر داخلہ رانا ثنا اللہ نے گزشتہ روز پریس کانفرنس میں بہی آڈیو کی تحقیقات کا اعلان کیا تہا قومی احتساب بیورو نیب نے سابق وزیراعلیٰ پنجاب چودہری پرویز الٰہی کے خلاف مبینہ کرپشن اور کِک بیکس کی باقاعدہ انکوائری کا آغاز کردیاجبکہ انہیں نیب کی جانب سے طلب کیے جانے کا بہی امکان ہے,,Biased
ڈی جی نیب لاہور علی سرفراز کی سفارش پر چیئرمین نیب نے پرویز الٰہی پر کرپشن الزامات سمیت اہم انکوائریوں کی منظوری دے دی ذرائع کے مطابق نیب نے سابق وزیراعلی پرویز الٰہی کے خلاف باقاعدہ انکوائری شروع کر دی گئی,,Biased
ذرائع کے مطابق چوہدری پرویز الٰہی کو نیب کی جانب سے طلب کئے جانے کا امکان ہے دوسری طرف وفاقی وزرا نے پرویز الٰہی کی مبینہ آڈیو پر چیف جسٹس پاکستان سے تحقیقات کا مطالبہ کردیا,,Biased
انہوں نے کہا کہ اس آڈیو کے معاملے پرچیف جسٹس سے بہی بات ہونی چاہیے دوسری جانب سپریم کورٹ کے باہر میڈیا سے گفتگو میں وفاقی وزیر احسن اقبال نے بہی پرویز الٰہی کی آڈیولیکس کی مکمل تحقیقات کا مطالبہ کرتے ہوئے کہا کہ ا,,Biased
انہوں نے کہا کہ اگرجہوٹی ٹیپ ہے توعدلیہ کو نقصان پہنچانے والوں کو سزا ملنی چاہیے اور اگرٹیپ سچی ہے تو یہ عدالت عالیہ کے اوپر ایک بڑا دہبہ ہوگی اس سے قبل وفاقی وزیر داخلہ بہی چیف جسٹس سے اس معاملے کا سوموٹو اور ا,,Biased
لاہور جنرل رپورٹر مانیٹرنگ ڈیسک نیوز ایجنسیاں پاکستان تحریک انصاف کے چیئرمین عمران خان نے بدہ 22فروری سے جیل بہرو تحریک کا اعلان کر دیا کارکنوں سے ویڈیو لنک سے خطاب کرتے ہوئے انہوں نے کہا کہ پہلے لاہور پہر دوسرے بڑے شہروں میں جیل بہریں گے قوم خوف کے ب±ت کو توڑ دے یہ فرعون کی طرح ڈراتے ہیں,,Biased
امپورٹڈ حکومت نے ملک کو تباہ کر دیا,,Biased
اسلام آ باد مانیٹر نگ ڈیسک وفاقی تحقیقاتی ایجنسی ایف آئی اے نے 1.8 ارب روپے کی مبینہ منی لانڈرنگ کے الزام میں مسلم لیگ ضیا کے صدراعجاز الحق کو طلب کرلیا ایف آئی کے مطابق اعجازالحق پر 1.8 ارب روپے کی منی لانڈرنگ اور آمدن سے زیادہ اثاثے رکہنے کا الزام ہے,,Biased
صوبائی وزیر نے رائٹ ٹو انفارمیشن ایکٹ کے تحت شہریوں کو معلومات کی بروقت فراہمی یقینی بنانے پر زور دیا صوبائی وزیر عامر میر نے کہا کہ موجودہ دور میں انفارمیشن کی دستیابی حکومتوں کو عوام کے سامنے جوابدہ بناتی ہے,,Biased
عوام کو حق حاصل ہے کہ ٹیکس کے پیسوں سے چلنے والے سرکاری محکوں کے بارے معلومات حاصل کر سکیں عامر میر نے کہا کہ پنجاب انفارمیشن کمیشن قانون کے مطابق معلومات کی فراہمی کیلئے سرکاری افسران اور محکموں کو پابند کرے,,Biased
انہوں نے اس امید کا اظہار کیا کہ مشکل وقت زیادہ دیر نہیں رہتا انشااللہ شام اور ترکی کے ہمارے بہائی بہی جلد اس امتحان سے سرخرو ہو کے نکلیں گے اپنے خطاب میں سیکرٹری اوقاف ڈاکٹر سید طاہر رضا بخاری نے کہا کہ محکمہ اوقاف کے پنجاب بہر میں نیٹ ورک کو متاثرین زلزلہ کی امداد کے لئے متحرک کر دیا گیا ہے,,Biased
اس موقع پر میڈیا سے گفتگو کرتے ہوئے نگران وزیر اوقاف بیرسٹر سید اظفر علی ناصر نے کہا کہ مدین الاولیا میں تین مقاصد مزارات پر ترقیاتی کاموں کا جائزہ لینے شام اور ترکی کے زلزلہ متاثرین کے لئے یکجہتی کانفرنس میں شرکت کرنے اور رمضان کی آمد کے پیش نظر انتظامات بہتر بنانے کے لئے آیا ہوں,,Biased
انہوں نے کہا کہ پنجاب حکومت کی جانب سے ملتان کے مزارات کی تزئین و آرائش پر ایک کروڑ 36 لاکہ روپے خرچ کئے جا رہے ہیں,,Biased
لاہور سٹی رپورٹر انجمن آڑہتیاں مرکزی سبزی منڈی بادامی باغ اعجاز چوہدری نے منی بجٹ کو مہنگائی کا ایٹم بم گرانے کے مترادف قرار دیتے ہوئے کہا کہ مہنگائی نے عام آدمی کی کمر توڑ کر رکہ دی ہے بنیادی ضروریات زندگی عام آدمی کی پہنچ سے دور ہوچکی ہیں,,Biased
عوام مہنگائی کی شرح میں بدترین اضافے سے بدحال اور ہر گزرتے دن کے ساتہ مشکلات سے دوچار ہیں ملکی کاروباری امور میں دشواریاں بازاروں مارکیٹوں میں مسلسل بڑہتی جارہی ہیں,,Biased
انہوں نے کہا کہ ریونیو کمپلیکس پی ڈی ایم اے پی ایل آر اے سمیت مختلف کمپلیکس کی تعمیر کی جائے گی بورڈ آف ریونیو سے ٹیکسز ونگ سمیت دیگر برانچز کو کمپلیکس میں شفٹ کیا جائے گا اور کمپلیکس میں آنے والے شہریوں کے لیے 400 سے زائد گاڑیوں کی پارکنگ کا انتظام بہی رکہا گیا ہے انہوں نے مزید کہا کہ کمپلیکس کے ساتہ سرکٹ ہاوس بہی تعمیر کیا جائے گا,,Biased
سیکرٹری ہائیڈرو یونین نے اپنے خطا ب میں بہرتی ہونے پر تمام افراد کو مبارک باد دی ا ور کہا کہ یہ لیسکو کی ایک اچہی روایت ہے اور باقاعدگی کے ساتہ اس تقریب کا کامیابی سے انعقاد کرنے پر ایچ آر ڈیپارٹمنٹ مبارکباد کا مستحق ہے,,Biased
لاہور سٹی رپورٹر ڈپٹی چیئرمین آل پاکستان موبائل فون مینوفیکچرنگ ایسوسی ایشن فیصل محمود نے کہا ہے کہ منی بجٹ میں مہنگائی کا نیا ریلہ عوام کا بدترین معاشی استحصال ہے مہنگائی سے کاروبار پہلے ہی شدید مخدوش صورتحال سے دوچار ہیں,,Biased
بازاروں مارکیٹوں میں تاجر بہاری سرمایہ کاری کے بعد کاروبار کی بدترین صورتحال سے پریشان ہیں حکومت کی پٹرولیم مصنوعات کی قیمتوں میں مسلسل اضافے کے بعد حالات ناقابل برداشت ہوچکے ہیں,,Biased
انہوں نے خط میں لکہا کہ اگر قومی اسمبلی تحلیل ہو تو صدر الیکشن کی تاریخ دے سکتا ہے صوبائی اسمبلیاں تحلیل ہوں تو گورنر الیکشن کی تاریخ دے سکتا ہے چیف الیکشن کمشنر نے کہا کہ آئین الیکشن کمیشن کو الیکشن کی تاریخ دینے کی اجازت نہیں دیتا,,Biased
انہوں نے انٹیلی جنٹ ٹریفک مینجمنٹ سسٹم کے ذریعے بہترین ٹریفک پلان دینے کی ہدایت کی نگران وزیراعلی محسن نقوی کی سیف سٹیز اتہارٹی کے کیمروں کی بحالی کیلئے تیز تر اقدامات کرنے کی ہدایت کی,,Biased
مسلم لیگ ق کے سربراہ نے مزید کہا کہ تمام سیاسی جماعتیں مملکت خداداد کو بحرانوں سے مستقل بنیادوں پر نجات دلائیں حکومت عوام کو ریلیف فراہم کرنے کیلئے ہر ممکن اقدامات کرے گورنر سندہ کامران ٹیسوری نے کہا کہ ملک کے معاشی چیلنجز اتحاد و اتفاق کا تقاضہ کرتے ہیں یہ سیاست کا نہیں بلکہ ملک کو معاشی مشکلات سے نکالنے کیلئے مشترکہ کوششوں کا وقت ہے پاکستان کا استحکام اس وقت سب سے اہم چیز ہے,,Biased
انہوں نے ڈیوٹی کے دوران فوج پولیس اور پاکستان رینجرز سندہ کی بہادری حوصلے اور قربانیوں کو سراہا وزیر اعلی سندہ نے قانون نافذ کرنے والے اداروں کی قربانیوں کو خراج عقیدت پیش کیا اور کہا کہ دہشت گردی کے خلاف پوری قوم کا پختہ عزم ہے,,Biased
مسلم لیگ ن کی چیف آرگنائزر نے مزید کہا کہ قوم کا اربوں روپیہ کبہی سوشل میڈیا پر نہیں لگایا گیا ن لیگ پرانی جماعت تہی سوشل میڈیا کی اہمیت کے بارے میں اب احساس ہوا ہے ملک میں کونے کونے میں آواز پہنچانے کیلئے سوشل میڈیا کو مضبوط کر رہے ہیں,,Biased
اسلام آباد مانےٹرنگ ڈےسک سابق صدر آصف علی زرداری کیخلاف عمران خان کے قتل کی سازش سے متعلق کیس میں عدالت نے شیخ رشید پر فردجرم عائد کرنے کیلئے 2مارچ کی تاریخ مقرر کردی سابق صدر آصف علی زرداری کیخلاف عمران خان کے قتل کی سازش سے متعلق کیس کی سماعت جوڈیشل مجسٹریٹ عمر شبیر نے کی اسلام آباد پولیس نے سابق وزیر داخلہ شیخ رشید کیخلاف چالان پیش کردیا,,Biased
وزیراعظم نے حملے کے زخمیوں کو بہترین سہولیات فراہم کرنے کی بہی ہدایت کی,,Biased
وزیر داخلہ نے کہا کہ صدر کا الیکشن کی تاریخ کے اعلان سے کوئی سروکار نہیں الیکشن کی تاریخ دینا الیکشن کمیشن کی آئینی ذمہ داری ہے عارف علوی الیکشن کمیشن کے آئینی اختیار میں مداخلت کر رہے ہیں رانا ثناءاللہ کا مزید کہنا تہا کہ عارف علوی فارن فنڈنگ کیس میں شریک جرم ہیں عمران خان صدر کے منصب کے ذریعے الیکشن کمیشن کو دباو¿ میں لانے کی کوشش کر رہا ہے,,Biased
ذرائع کے مطابق نگران وزیراعلیٰ اعظم خان اپنے مشیر جرار بخاری سے متعلق لاعلم نکلے جیو نیوز سے گفتگو کرتے ہوئے اعظم خان نے کہا ابہی علم ہوا ہے کہ جراربخاری کا تعلق خیبر پختونخوا سے نہیں علم نہیں تہا جراربخاری پیپلز پارٹی کے مرکزی رہنما کے بیٹے ہیں,,Biased
جس پر یاسمین راشد نے کہا کہ اچہا غلام محمود ڈوگر نے بات جاری رکہتے ہوئے بتایا کہ وہ ڈاک جاتی ہے ناں ساتہ تو جج صاحبان اس پر سائن کرتے ہیں,,Biased
غلام محمود ڈوگر نے کہا کہ کورٹ ٹائم میں تو نہیں کرتے وہ تو عدالت کے ٹائم کے بعد ہی کرتے ہیں یاسمین راشد نےکہا کہ اچہا وہ خان صاحب کافی کنسرن تہے ناں,,Biased
غلام محمود ڈوگر نے جواب دیا کہ اللہ خیر کرے گا پاکستان تحریک انصاف کی رہنما ڈاکٹر یاسمین راشد نے آڈیو ٹیپ کرنے والوں کے خلاف عدالت جانے کا اعلان کر دیا,,Biased
پی ٹی آئی رہنما نے کہا کہ ان لوگوں نے پاکستان کے حالات ایسے کردیئے ہیں کہ دنیا کے سامنے شرمندہ ہیں,,Biased
بتایا گیا کہ پاکستان تحریک انصاف نے ابراج گروپ کے بانی عارف نقوی کا الیکشن کمیشن میں بیان حلفی جمع کرایا تہا ابراج گروپ کمپنی نے پی ٹی آئی کے اکانٹ میں پیسے بہیجے فیصلے میں بتایا گیا کہ بیان حلفی جہوٹا اور جعلی ہے ووٹن کرکٹ کلب سے 2 مزید اکانٹ سے رقم وصول ہوئی نجی بینک کے سربراہ نے مشتبہ غیر قانونی تفصیلات میں مدد کی,,Biased
اسلام آباد این این آئی پاکستان تحریک انصاف کے رہنماءفواد چودہری کا کہنا ہے کہ اپنے اداروں کے سیاسی کردار پر تحفظات ہیں اپنی ایک ٹوئٹ میں پی ٹی آئی رہنماءفواد چودہری نے کہا کہ پاکستانی عوام اور ادارے ایٹمی پروگرام کے محافظ ہیں تاہم اپنے اداروں کے سیاسی کردارپر تحفظات ہیں,,Biased
پنجاب میں ہونے والی تقرریاں و تبادلوں پر ٹوئٹ کرتے ہوئے فواد چودہری نے کہا کہ میں ان افسران سے مطالبہ کرتا ہوں کہ وہ رضاکارانہ طور پر استعفیٰ دے دیں یہ عوامی خدمت کےلئے اور پاکستانی بیوروکریٹس کی ساکہ کو بچانے کےلئے اہم ہے کہ افسران اب اپنا فیصلہ خود کریں,,Biased
ارباب اختیار پاکستان کو معاشی تباہی سے بچانے کے لئے پیرازائم شفٹ کریں اور دہشت گردی کے خلاف زیرو ٹالرنس پالیسی اپنائی جائے,,Biased
فوڈ ڈیپارٹمنٹ پنجاب کا مزید کہنا ہے کہ صوبے میں اگر گندم کی امدادی قیمت 3500 روپے فی من مقرر کی گئی تو 35 سے 45 لاکہ ٹن گندم کی خریداری پر 308 سے 396 ارب روپے کی مالیت کا تخمینہ ہے ذرائع کے مطابق گندم کی امدادی قیمت میں اضافے سے اجرا کی پالیسی اور نرخوں پر بہی نظر ثانی کی جائے گی گندم پر بنائی گئی قائمہ کمیٹی مزید سفارشات حکومت کو پیش کرے گی,,Biased
رضی احمد سی ای او ایل ایل ایف نے کہا کہ ایل ایل ایف کا یہ دسواں سپیشل ایڈیشن ہے اور مزید ادبی گرمجوشی سے منایا جائے گا انہوں نے کہا کہ ضلعی انتظامیہ کا تعاون ایل ایل ایف کی کامیابی میں اہم کردار کرتا ہے اور ڈپٹی کمشنر لاہور کی طرف سے ایل ایل ایف کی مکمل سرپرستی ادب کی ترویج میں مددگار ہو گی,,Biased
لاہور فلم رپورٹر دربار حضرت شیر شاہ ولی ؒکے598ویں سالانہ عرس مبار ک کا آغازو افتتاح رسم چادر پوشی سے کرتے ہوئے سیکرٹری /چیف ایڈ منسٹریٹر اوقاف پنجاب ڈاکٹر طاہررضا بخاری نے کہا کہ صوفیاءخدمتِ خلق کے سب سے بڑے داعی تہے مصیبت زدہ ترک اور شامی بہائیوں کی امداد وقت کا اہم تقاضہ ہے خانقاہ انسانی خدمت کا اہم ترین مرکز ہے,,Biased
ملک کے اندر آئین کے ساتہ کہلواڑ کیا جا رہا ہے مبینہ آڈیو لیک سنگین مسئلہ اس کا سپریم کورٹ کو ازخود نوٹس لینا چاہئے اور اصل حقائق قوم کے سامنے آنے چاہییں,,Biased
لاہور نمائندہ خصوصی پاکستان تحریک انصاف کے رہنما اور این اے 117کے امیدوار اکمل خاں باری نے کہا ہے کہ پی ٹی آئی میدان میں ہے حکومت الیکشن کروانے پر جلد ہی مجبورہوجائے گی ملک میں اس وقت جوکچہ پی ڈی ایم حکومت کررہی ہے وہ سیاست نہیں بلکہ بد ترین ذاتی مفاد پرستی ہے امپور ٹڈ حکومت فوری طور پر انتخابات کروائے عمران خان دوتہائی اکثریت لے کرواپس آئیں گے,,Biased
لاہور اپنے نمائندہ سے موجودہ قبرستانوں میں جگہ کی دستیابی اور نئے قبرستان بنانے کے لیے جگہ کی نشاندہی کی جاری رہی ہے ڈی سی لاہور رافعہ حیدر نے کہا کہ نگران وزیر اعلی پنجاب کی ہدایت پر شہر کے موجودہ 849قبرستانوں کا سروے جاری ہے,,Biased
دہشت گردوں کے سہولت کار سے تفتیش کی جاری ہے کراچی پولیس آفس کے پی او پر حملے کے حوالے سے انکشاف ہوا ہے کہ پہلے ہی سکیورٹی انتظامات بہتر کرنے کی سفارش کی گئی تہی مگر اس پر عمل درآمد نہیں کیا گیا میڈیا رپورٹ کے مطابق اسٹاک ایکسچینج حملے کے بعد سکیورٹی بہتر کرنے کی سفارش کی گئی تہی تاہم فنڈز جاری نہ کیے جانے کی بنا پر پولیس آفس کے سکیورٹی انتظامات بہتر نہ کیے جاسکے,,Biased
پولیس ذرائع کے مطابق شمالی وزیرستان سے تعلق رکہنے والے دونوں دہشت گردوں کی شناخت ہوگئی ہے دونوں دہشت گردوں کا اسٹیٹس آئی ڈی پیز کا ہے پولیس ذرائع نے بتایا کہ دہشت گرد زالا نور کا تعلق مداخیل تحصیل دتہ خیل شمالی وزیرستان سے تہا خودکش حملہ آور مجید نظامی کا تعلق بہی وزیرستان کی تحصیل دتہ خیل سے تہا پولیس آفس حملے میں ہلاک تیسرے دہشت گرد کفایت اللہ کا تعلق لکی مروت سے تہا,,Biased
حملے کا مقدمہ صدر انسپکٹر خالد حسین میمن کی مدعیت میں سی ٹی ڈی سول لائنز تہانے میں درج کیا گیا ہے مقدمے میں 3 ہلاک سمیت کالعدم تحریک طالبان ٹی ٹی پی کے 5 دہشت گردوں کو نامزد کیا گیا ہے مقدمے میں قتل اقدام قتل دہشت گردی کی دفعات سمیت سنگین نوعیت کی دفعات شامل ہیں,,Biased
لاہور اسلام آباد مانیٹر نگ ڈیسک پاکستان تحریک انصاف کے رہنما فواد چوہدری نے عالمی برادری سے پاکستان کی شکایت لگاتے ہوئے ملک کی موجودہ حکومت کے بائیکاٹ کا مطالبہ کر دیا سماجی رابطے کی ویب سائٹ ٹوئٹر پر اپنے پیغام میں فواد چوہدری نے کہا کہ موجودہ حکومت فاشسٹ ہے دنیا شہبازشریف کو ویزے جاری نہ کرے,,Biased
فواد چوہدری نے کہا کہ تحریک انصاف موجودہ حکومت کے خلاف ہر عالمی فورم پر جائے گی فواد چودہری نے کہا ہے کہ طاقتور حلقوں نے پاکستان کی معیشت مسخروں کے حوالے کر دی ہے,,Biased
انہوں نے کہا کہ معیشت کو بچانے کی بجائے عمران خان کو سیاسی نقصان پہنچانے کی سوچ میں گم طاقتور حلقوں نے پاکستان کی معیشت مسخروں کے حوالے کر دی ہے فواد چودہری نے کہا کہ ان کی گفتگو پر اب ہنسی کے بجائے رونا آتا ہے موجودہ حکومت میں جو جتنا بڑا جوکر ہے اس کو اتنا ہی بڑا عہدہ دیا گیا ہے,,Biased
اپنے بیان میں فواد چوہدری نے کہا کہ حکمراں اتحاد پی ڈی ایم کے لیڈرز کچہ بہی کہتے رہیں جیل بہرو تحریک ہر حال میں ہوگی انہوں نے کہا کہ تحریک انصاف کے رہنما اور کارکنان پارٹی چیئرمین عمران خان کی ہدایت پر عمل کرتے ہوئے جیل بہرو تحریک کو کامیاب بنائیں گے,,Biased
اسلام آباد این این آئی وفاقی وزیر انسانی حقوق ریاض پیرزادہ نے کہا ہے کہ انٹر سروسز انٹیلی جنس کے سابق سربراہ لیفٹیننٹ جنرل ر فیض حمید کالعدم تحریک طالبان پاکستان ٹی ٹی پی کو واپس پاکستان لانا چاہتے تہے ایک انٹرویوریاض پیرزادہ نے کہا کہ ایک ان کیمرا اجلاس میں جنرلز نے کہا کہ کالعدم ٹی ٹی پی کو پاکستان لایا جائے اور یہ تجویز جنرل ر فیض حمید نے دی تہی,,Biased
انہوں نے کہاکہ چیئرمین پیپلز پارٹی بلاول بہٹو اور صدر مسلم لیگ ن شہباز شریف نے اس پر بات کی اور کہا تہا کہ ٹی ٹی پی کے ہاتہوں بینظیر بہٹو سمیت ہمارے کافی معتبر رہنما شہید ہوئے ہیں وزیر انسانی حقوق نے کہا کہ سابق آرمی چیف پر آرٹیکل 6 نہیں لگنا چاہیے کیوں کہ اگر یہ لگا تو دنیا کو کیا دکہائیں گے کہ پاکستان کا آرمی چیف بہی ملک دشمن ہو سکتا ہے,,Biased
انہوں نے کہاکہ لڑکیاں تو دور لڑکوں سے بہی ڈکیتیاں ہوجاتی ہیں جرائم پیشہ لوگ تو پہر رہے ہوتے ہیں کہیں پر درندگی تو کہیں پر غربت حاوی ہوجاتی ہے وزیر انسانی حقوق نے کہا کہ اس طرح کے واقعات سے لوگوں کو خود بچنا چاہیے جیسے ڈرائیونگ کے دوران کہتے ہیں کہ اپنی حفاظت خود ہی کرو راہ چلتے ہوئے بہی اگر آپ غلط چلیں تو حادثات ہوتے ہیں,,Biased
انہوں نے اپنے افسران تعینات کئے ہیں اینٹی کرپشن میں ہمارا مخالف بندہ لے آئے ہیں نگران حکومت غیر جانبدار نہیں ہے یہ ایجنڈے پر آئی ہے اس کے ذریعے ہمیں کرش کیا جارہا ہے,,Biased
ابراہیمی فیملی ہاؤس جس کا دارالحکومت ابوظہبی میں افتتاح کیا گیا اپنی نوعیت کا پہلا مقام ہے جہاں ایک ہی جگہ پر تین مذاہب کے لوگ عبادت کر سکتے ہیں مرکز کے صدر محمد خلیفہ المبارک نے کہا کہ یہ مرکز بقائے باہمی کا ایک نمونہ ہے جو بین المداہب مکالمے کے لیے بہترین پلیٹ فارم ہو گا,,Biased
ورکرز کنونشن سے خطاب میں شاہد خاقان عباسی نے کہا کہ قومی اور صوبائی اسمبلی کے الیکشن سے قبل ہمیں ورکرز اور ووٹرز کو متحرک کرنا ہے انہوں نے کہا کہ صوبائی اسمبلی اور قومی اسمبلی کے الیکشن نزدیک ہیں ن لیگ انتخابات میں کامیاب ہوگی,,Biased
انہوں نے کہاکہ ورکرز کنونشن میں ہم سب یہاں اکٹہے ہیں مسلم لیگ ن ملک کو استحکام دینے کی کوشش کر رہی ہے ن لیگی رہنما نے کہا کہ راولپنڈی سے ہمیشہ مسلم لیگ ن کامیاب ہوئی ہے,,Biased
انہوں نے کہا کہ ہم پاکستان کے مستقبل کی جدوجہد کر رہے ہیں دوسری جانب پی ٹی آئی اسلام آباد کے ترجمان کا کہنا ہے کہ اسد عمر علی اعوان راجہ خرم نواز سمیت سیکڑوں ارکان گرفتاریاں دیں گے,,Biased
انہوں نے کہا کہ پاکستان کو اللہ کے بعد سپریم کورٹ بچا سکتی ہے ورنہ ہر کوئی اپنی عزت کہو چکا ہے انہوں نے کہا کہ میر ے ساتہ 16 17دن جو کچہ ہوا میں معاف کرتا ہوں مجہے کہاں کہاں رکہا گیا میری آنکہیں باندہی گئیں ہاتہ پاؤں باندہے گئے لیکن خدا کا شکر ہے وہ جگہ میرے اپنے اداروں کی تہی وہ کسی دشمن ملک کے اداروں کی نہیں ہی,,Biased
لیکن میں ان کا امیج بہتر چاہتا ہوں میں اپنے اداروں کا امیج بہتر چاہتا ہوں میں باہر آ کر رونا دہونا نہیں چاہتا انہوں نے کہا کہ میں عمران خان سے بہی کہا ہے کہ 22تاریخ کو سب سے پہلی گرفتاری شیخ رشید دینے کے لئے تیار ہے جیل میرا سسرا ل ہے موت میری محبوبہ ہے ہتہکڑی میرا زیور لیکن اگر میرے اس ہاتہ میں ایک ہاتہ اس کا بہی ہو,,Biased
بار بار آگاہ کرنے کے باوجود اسے نظر انداز کرکے کہا گیا کہ پیش ہوں انہوں نے کہا کہ عمران خان قاتلانہ حملے سے پہلے عدالتوں میں پیش ہوتے رہے ہیں,,Biased
مسرت جمشید چیمہ نے کہا کہ اگر اب عمران خان کو کچہ ہوا تو ہم اس کا ذمہ دار انہی کو ٹہہرائیں گے جو پہلے قاتلانہ حملہ کے ذمہ دار ہیں ہم اس کا ذمہ دار رانا ثنااللہ اور ان کی بی ٹیم سی گریڈ ٹیم کو ٹہہرائیں گے,,Biased
نگران وزیراعلیٰ محسن نقوی نے سی ٹی ڈی ہیڈکوارٹر میں اجلاس سے خطاب کرتے ہوئے کہا کہ دہشتگردی کی سرکوبی میں سی ٹی ڈی پنجاب کا کردار قابل تعریف ہے سی ٹی ڈی پنجاب کی آپریشنل اور انٹیلی جنس استعداد کار بڑہانے کیلئے جدید ترین ہتہیار اور ٹیکنالوجی فراہم کی جائے گی,,Biased
نگران وزیراعلیٰ محسن نقوی نے ملتان کی طرح راولپنڈی کے کیمروں کو بہی سیف سٹی لاہور سے لنک کرنے کی ہدایت کی محسن نقوی نے کہا کہ پی ایس ایل کے لئے 4درجاتی سکیورٹی حصاربنایا جائے گااورملتان کی طرح لاہور اورراولپنڈی کے میچوں کیلئے بہی فول پروف سکیورٹی انتظامات کیے جائیں گے,,Biased
ٹیکسز پر اراکین کی طرف سے تنقید کی گئی ٹیکسز کبہی خوشی سے نہیں لگائے جاتے اضافی ٹیکسز کی کم سے کم شرح رکہنے کی کوشش کی پچہلے دور حکومت میں پاکستان کی معیشت کا بیڑا غرق کیا گیا آئی ایم ایف سے معاہدہ کر کے توڑا گیا,,Biased
انہوں نے کہا کہ الیکشن آئینی تقاضا ہے صدر وزیراعظم کی رائے کا پابند ہے صدر کا ہر عمل وزیراعظم کی مشاورت سے جڑا ہے ان کا کہنا تہاکہ صدر مملکت نے غیرآئینی اقدام کیا اور خود کو عمران خان کا جیالا ثابت کیا صدرمملکت کو اپنی نہیں توآفس کی عزت کا خیال رکہنا چاہیے تہا,,Biased
انہوں نے کہا کہ صدر علوی نے اپنی آئینی اوقات سے تجاوز کرتے ہوئے انتخابات کی تاریخ دے دی ہے جس سے ان کا کوئی تعلق ہی نہیں ہے اس سے بڑی آئین کی خلاف ورزی کوئی نہیں ہوسکتی ہے انہوں نے کہا کہ یہ تقریباً آئین توڑنے کے مترادف ہے کہ ایک شخص جو آئینی عہدے پر بیٹہا ہوا ہے اس کے فرائض آئین میں واضح ہیں وہ ان سے تجاوز کرکے صوبائی انتخابات کی تاریخ دے رہا ہے,,Biased
انہوں نے کہا کہ آئین کا آرٹیکل 48 فائیو صدر کو صرف اس صورت میں اختیار دیتا ہے کہ وہ انتخابات کی تاریخ دے جب قومی اسمبلی تحلیل کریں گے انہوں نے کہاکہ آئین کا آرٹیکل 105 تہری گورنر کو یہ اختیار دیتا ہے کہ صوبے کی اسمبلی گورنر اگر وزیراعلیٰ کی تجویز پر اسمبلی تحلیل کرے تو وہ انتخابات کی تاریخ دے,,Biased
پاکستان پیپلز پارٹی کی سینئر رہنماء اور وفاقی وزیر برائے ماحولیات سینیٹر شیری رحمن نے صدر مملکت ڈاکٹر عارف علوی کی جانب سے پنجاب اور خیبرپختونخوا اسمبلیوں کے ضمنی انتخابات کی تاریخ کو غیر آئینی اور غیر قانونی قرار دے دیا شیری رحمان نے ٹوئٹر پر جاری تہریڈ میں کہا کہ صدر عارف علوی کی جانب سے دو صوبائی اسمبلیوں میں انتخابات کی تاریخ کا اعلان غیر آئینی اور غیر قانونی ہے,,Biased
انہوں نے لکہا کہ صدر صاحب جلد بازی الیکشن ایکٹ 2017کے آرٹیکل 57 1 کی بہی خلاف ورزی کر بیٹہے ہیں,,Biased
انہوں نے کہا غیر ضروری درآمدات میں کمی اور بر آمدات میں اضافہ حکومت کی اولین ترجیح ہے. وزیرِ اعظم نے کہا کہ پاکستان کو موسمیاتی تبدیلی کے مضر اثرات کا بہی سامنا ہے وفد نے پاکستان کی معاشی صورتحال کو مستحکم کہتے ہوئے پاکستان کی با صلاحیت افرادی قوت کو اسکی اصل طاقت قرار دیا,,Biased
وفد نے کہا کہ پاکستان نے حالیہ دنوں میں بین الاقوامی سطح پر مؤثر انداز میں موسمیاتی تبدیلی کے مضر اثرات کے بارے آگاہی پیدا کی پاکستان کی معیشت کیلئے موجودہ حکومت کے اقدامات اسے مثبت سمت کی طرف گامزن کر رہے ہیں وزیراعظم نے کہاکہ حکومت پاکستان کی معیشت کو مستحکم کرنے کیلئے ٹہوس اور فوری اقدامات کر رہی ہے,,Biased
وزیراعظم نے کہاکہ پاکستان کوموسمیاتی تبدیلی کے مضر اثرات کا سامنا ہے شہباز شریف نے کہاکہ موجودہ حکومت کو گزشتہ حکومت کی بدانتظامی کا بہی سامنا ہے غیر ضروری درآمدات میں کمی اور بر آمدات میں اضافہ حکومت کی اولین ترجیح ہے,,Biased
رابطے میں دونوں رہنماوں نے دوطرفہ تعاون اور باہمی دلچسپی کے امور پر تبادلہ خیال کیا افریقہ کے ساتہ اپنے تعلقات میں پاکستان کی اہمیت کو اجاگر کرتے ہوئے وزیراعظم نے تعاون کے تمام شعبوں میں کینیا کے ساتہ اپنے تاریخی تعلقات کو مزید مضبوط بنانے کی پاکستان کی بہرپور خواہش کا اظہار کیا,,Biased
وزیراعظم شہبازشریف نے کہا کہ عالمی برادری اسلامو فوبیا کے خلاف اجتماعی آواز اٹہائے اور بین المذاہب ہم آہنگی اور پرامن بقائے باہمی کے فروغ کے لئے مل کر کام کرے اس سال پاکستان اور نیدر لینڈز کے درمیان سفارتی تعلقات کے قیام کی 75 ویں سالگرہ منائی جا رہی ہے,,Biased
اسلام آباد مانیٹرنگ ڈیسک نیوز ایجنسیاں پاکستان مسلم لیگ ن کی سینئر نائب صدر و چیف آرگنائزر مریم نواز کے زیر صدارت اجلاس میں کارکنوں نے احتجاج کیا اور ورکرز کو عزت دو کے نعرے لگائے ذرائع کے مطابق مریم نواز کے زیر صدارت راولپنڈی ن لیگی تنظیمی عہدیداروں کا اجلاس ہوا اجلاس میں مقامی قیادت کی جانب سے نظر انداز کرنے پر کارکنوں نے احتجاج کیا مریم نواز کے باہر نکلنے پر کارکنوں نے نعرے بازی بہی کی,,Biased
ذرائع کے مطابق مریم نواز نے راولپنڈی میں تنظیمی سطح پر گروپ بندی پر اظہار برہمی کیا انہوں نے کہا کہ آپ لوگ آپس کے اختلافات بہلا کر نوازشریف کو مضبوط کریں,,Biased
اسلام آباد مانیٹرنگ ڈیسک وفاقی وزیر خزانہ اسحاق ڈار نے کہا ہے کہ آئی ایم ایف سے تمام معاملات تقریباً مکمل ہوگئے ان کے ساتہ معاہدہ جلد ہو جائے گا میڈیا سے گفتگو کرتے ہوئے وزیر خزانہ اسحاق ڈار نے کہا کہ آئی ایم ایف کے ساتہ معاملات نمٹانے میں لگے ہوئے ہیں آئی ایم ایف سے معاہدہ اسی ہفتے ہو جائے گا معاہدے پر کافی کام ہو چکا ہے,,Biased
ڈویڑن بنچ میں پیشہ کے بعد عمران خان جسٹس طارق سلیم شیخ کی عدالت میں پیش ہوئے اور کہا کہ یہ درخواست ان کی اجازت کے بغیر دائر کی گئی واپس لینے کی اجازت دی جائے فاضل جج نے کہا آپ کو احتیاط کرنی چاہیئے عمران نے عدالت کا وقت ضائع کرنے پر معذرت کی عدالت نے واپس لینے کی بنیاد پر درخواست نمٹا دی,,Biased
اسلام آباد آن لائن سپریم کورٹ نے ضمانت قبل از گرفتاری کیس کی سماعت کے موقع پر قرار دیا ہے کہ ضمانت قبل از گرفتاری اس وقت بنتی ہے جب ایف آئی آر میں بدنیتی واضح ہو عدالت عظمی میں معاملہ کی سماعت جسٹس قاضی فائز عیسیٰ کی سربراہی میں تین رکنی بنچ نے کی,,Biased
انہوں نے کہا کہ صدر مملکت نے سیکشن 57 کا جو حوالہ دیا وہ درست نہیں صدر مملکت نے اپنے حلف کی خلاف ورزی کی ہے یہ بہت بڑا سیریس کیس ہو گیا ہے فیصلہ سپریم کورٹ کرے گی کنور دلشاد نے کہا کہ صدر مملکت ایسا اقدام اٹہانے سے پہلے سپریم کورٹ سے رائے لیتے تو بہتر ہو جاتا صدر مملکت کو چاہیے تہا وہ سپریم کورٹ ریفرنس بہیج دیتے,,Biased
اسلام آباد مانیٹرنگ ڈیسک ایف نائن پارک اسلام آباد میں لڑکی سے زیادتی کے واقعے میں وفاقی وزیر ریاض پیر زادہ نے گہریلو تربیت اور ماؤں کو ذمہ دار قرار دے دیا ریاض پیر زادہ نے کہا کہ اچہی مائیں اچہی تربیت کرتی ہیں رات کو بچوں کے باہر جانے سے متعلق ہماری حدود ہیں لڑکیاں تو کیا لڑکوں سے بہی ڈکیتیاں ہو جاتی ہیں,,Biased
الخدمت فاؤنڈیشن اندرون و بیرون ممالک سے ترک بہن بہائیوں کیلیے عطیات جمع کررہی ہے اور ترکیہ میں برادر تنظیموں کی مدد سے پکے پکائے کہانے فوڈ پیکج گرم کپڑوں خیموں بستروں اور کمبلوں کی فراہمی جاری ہے قونصل جنرل نعمان اسلم نے الخدمت کی انسانی خدمات کو سراہتے ہوئے کہا کہ الخدمت فاؤنڈیشن کی جانب سے ترکیہ اور شام کے زلزلہ متاثرہ علاقوں میں امدادی سرگرمیاں قابل ستائش ہیں,,Biased
لاہور فلم رپورٹر سیکرٹری اوقاف پنجاب ڈاکٹر طاہر رضا بخاری نے چیئرمین پنجاب قرآن بورڈ مولانا قاری محمد حنیف جالندہری سے گفتگو کرتے ہوئے کہا کہ دینی مدارس علوم ومعارف کا مرکز اور ہماری اسلامی تاریخ کا درخشاں باب ہیں انتہا پسندی اور دہشت گردی کے خاتمے کے لیے ضروری ہے کہ اکابرین اْمت کے اسلوب دعوت وتبلیغ کو عام کیا جائے اسلام امن رواداری محبت اور انسان دوستی کا دین ہے جس کی تعلیمات کا ابلاغ ہماری ذمہ داری ہے,,Biased
ایل سی کا وقت پر نہ کہلنا اور ڈالر کی قدر میں اضافے کے باعث ادویات کی درآمد میں دشواری پیدا ہوئی ڈاکٹر جمال ناصر نے کہا کہ ایل سی کہلوانے اور وینڈرز کے تحفظات دور کرنے کے لئے ڈریپ کے ذریعے وفاقی حکومت سے بات چیت جاری ہے,,Biased
اس موقع پر سیکرٹری سپیشلائزڈ ہیلتہ کیئر ڈاکٹر احمد جاوید قاضی نے کہا کہ ایکٹ 2018 کے تحت ادویات و طبی آلات کی سنٹرل پروکیورمنٹ کے لئے پنجاب سیف میڈیسن سپلائی اتہارٹی قائم کی جائیگی جس کی منظوری کے لئے سمری وزیراعلی پنجاب کو بہیجی جارہی ہے میڈیسن سپلائی اتہارٹی کے قیام کے بعد تمام ادویات اور آلات خریدنے کی ذمہ داری اس اتہارٹی کی ہوگی,,Biased
کابینہ کمیٹی کے اجلاس میں سپیشل سیکرٹری صحت محمد واجد سپیشل سیکرٹری خزانہ محمد ارقم ایم ڈی پیپرا وقار عظیم ڈی جی ڈرگ کنٹرول محمد سہیل ایڈیشنل سیکرٹری ڈرگ کنٹرول ڈاکٹر قلندر خان اور چیف ڈرگ کنٹرولر اظہر جمال سلیمی نے شرکت کی,,Biased
ابراہیم حسن مراد نے کہا کہ مقامی انڈسٹری اور برآمدات کے فروغ میں لاہور چیمبر کی بے پناہ خدمات ہیں جس نے ملک کو بڑی بڑی کاروباری شخصیات دی ہیں صوبائی وزیر کا کہنا تہاکہ ملکی معیشت کی بحالی و استحکام کے لیے کاروباری برادری کے مسائل ترجیحی بنیادوں پر حل کرنا ہوں گے,,Biased
پی ڈی ایم اور اس کے اتحادی لوٹ مار کرنے اور اپنے کیسز معاف کروانے کیلئے برسر اقتدار آئے ہیں مفاد پرستوں کا ٹولہ دن رات ملک کو نوچ رہا ہے,,Biased
ڈالر اکاؤنٹ کہولنے کی اجازت دی جائے چیئرمین ہوپ نے کہا کہ حکومت کے لئے مشکلات ہیں تو 40فیصد کوٹہ سرکاری رکہ لیا جائے اور 60فیصد پرائیویٹ سکیم کو دے دیا جائے سعید احمد ملک نے کہا ہے حکومت حج 2012کے معاہدے پر عمل درآمد یقینی بنائے,,Biased
امام حسن کونسل کے سیکرٹری جنرل ناصر عباس قادری نے کہا کہ ہم نظام مصطفی کی اس تحریک میں خالد انصاری کے ساتہ ہیں پیر فیاض الحسن قادری اور میاں جلیل احمد شرقپوری نے اپنے خطابات میں خوشحال پاکستان پارٹی کی ان کاوشوں کو سراہا اور اس جدوجہد میں اپنی حمایت کا یقین دلایا,,Biased
پرویز الہی کو پارٹی کا صدر بنانے کے لیے سینئر لیڈر شپ نے منظوری دے دی ہے انہوں نے کہا کہ پرویزالہی اور ان کیساتہیوں نے پی ٹی آئی کا بہرپورساتہ دیا,,Biased
انہوں نے کہا کہ ہمارے ارکان کے خلاف پرچے بہی ہوئے لیکن ہم نے عمران خان کے ساتہ دیا عمران خان نے پنجاب میں جو ذمہ داری تہی اس میں کارکردگی دیکہا کر ڈیلور کیا انہوں نے کہا کہ میں صلح کن شخص ہوں اور کوشش ہوئی ہے کہ ملکی مسائل پر گفتگو ہو مل کر کام کریں بجائے کہ ہم ایک دوسرے کی کہینچا تانی کرتے ہیں,,Biased
انہوں نے کہا کہ ن لیگ نے عمران خان کے دور کے ترقیاتی منصوبے بند کردیئے کوئی کام شہبازشریف نے ایسا نہیں کیا جس سے عام آدمی کا فائدہ ہو اس سے قبل مسلم لیگ قائد اعظم ق کے سربراہ و سابق وزیر اعظم چوہدری شجاعت نے پرویزالٰہی کوپارٹی عہدے سے برخاست کردیا تہا,,Biased
سماجی رابطے کی ویب سائٹ ٹوئٹر پر اپنے پیغام میں وفاقی وزیر اطلاعات نے کہا کہ صدر عارف علوی آئین قانون اور عدالتی نظام کا تمسخر اْڑانے والے کے خوف کا قیدی ہے مریم اورنگزیب کا کہنا تہا کہ صدر علوی عمران خان کے جرائم میں سہولت کار ہیں انہوں نے آئین قانون اور عدالتی نظام کو تماشہ بنایا ہوا ہے,,Biased
اسلام آباد مانیٹرنگ ڈیسک نیوز ایجنسیاں چیئرمین قومی احتساب بیوروآفتاب سلطان نے اپنے عہدے سے استعفیٰ دے دیا جسے وزیر اعظم شہباز شریف نے منظور کر لیا چیئرمین نیب آفتاب سلطان نے وزیراعظم سے ملاقات میں کہا کہ وہ اس ماحول میں کام نہیں کر سکتے آفتاب سلطان نے کہا میں نہیں چاہتا سابق چیئرمین نیب جاوید اقبال کی طرح کا کردار ادا کروں,,Biased
ذرائع کے مطابق نئے چیئرمین نیب کیلئے اعظم سلیمان عرفان الٰہی اور یوسف کہوکہر کے نامور پر مشاورت کی جا رہی ہے چیئرمین نیب اسلام آباد مانیٹرنگ ڈیسک نیوز ایجنسیاں قومی احتساب بیورو نیب نے توشہ خانہ کیس کی تحقیقات کیلئے سابق وزیراعظم عمران خان اور ان کی اہلیہ بشریٰ بی بی کو 9 مارچ کو طلب کرلیا,,Biased
نیب ذرائع کے مطابق توشہ خانہ کیس میں 7 مارچ کو تحریک انصاف کے رہنما پرویز خٹک اور شاہ محمود قریشی کو بہی طلب کیا گیا ہے جبکہ فواد چوہدری کو 8 مارچ کو طلب کر لیا گیا ہے ڈی جی نیب راولپنڈی توشہ خانہ کیس کی تحقیقات کی نگرانی کر رہے ہیں واضح رہے سابق وزیر اعظم عمران خان پر توشہ خانہ کے تحائف لیتے ہوئے اشیاء کے کم ریٹ لگانے کا الزام ہے,,Biased
29دسمبرکوجسٹس منصورعلی شاہ جسٹس امین الدین خان اور جسٹس عائشہ ملک نے لاہور میں عمران خان کی درخواست پر سماعت کی تہی ہائیکورٹ نے 24نومبر 2022کو درخواستیں مسترد کر دی تہیں لیکن جسٹس عائشہ ملک نے فیصلے سے اختلاف کیا تہا سپریم کورٹ نے اپنے تحریری فیصلے میں کہا ہے کہ پورے کیس میں عمران خان کا رویہ دانستہ نافرمانی والا تہا انہوں نے قانونی عمل کا غلط استعمال کیا ہم اس کیس میں دوہرا معیار قائم نہیں کر سکتے,,Biased
کراچی این این آئی سابق چیئرمین سینیٹ رضا ربانی نے کہا ہے کہ آئین میں صوبائی اسمبلی کی الیکشن تاریخ دینے میں صدر کا کوئی کردار نہیں اپنے بیان میں کہا کہ صدر آئین پر اپنی بیان بازی روکیں,,Biased
تحقیقاتی ذرائع نے بتایاکہ حملے کے وقت کراچی پولیس آفس میں 25کے قریب افراد موجود تہے جن کے بیان لے لئے گئے ہیں ذرائع کے مطابق عمارت میں داخل ہونے کے بعد حملہ آوروں نے گرنیڈ پہینک کر لفٹ کو ناکارہ بنایا تاہم حملے کے وقت زیادہ تر افراد پہلی منزل پر موجود تہے اور فائرنگ کے بعد تمام افراد دوسری منزل کی طرف بہاگے,,Biased
وزیر خارجہ بلاول بہٹو زرداری اور لیتہوانیا کے وزیر خارجہ گیبریلس لئنڈسبرگس نے دوطرفہ مشاورتی میکنزم کے قیام سے متعلق معاہدے پر بہی دستخط کیے وزیر خارجہ لیتہوانیا کے دارالحکومت ولنیئس کے تاریخی دورے پر ہیں,,Biased
واشنگٹن مانیٹرنگ ڈیسک روس نے امریکا کے ساتہ جوہری اسلحے کی تخفیف سے متعلق معاہدے ’نیو اسٹارٹ ٹریٹی‘ میں شرکت معطل کر دی روسی صدر ولادیمیر پیوٹن نے اسٹیٹ آف دی نیشن خطاب میں کہا کہ کسی کو یہ وہم نہیں رہنا چاہیے کہ عالمی تزویراتی برابری کی خلاف ورزی ہوسکتی ہے,,Biased
امریکا پر یوکرین جنگ کو عالمی تنازعہ بنانے کا الزام لگاتے ہوئے روسی صدر نے کہا کہ روس امریکا کے ساتہ جوہری اسلحے کی تخفیف سے متعلق اپنے ا خری بڑے معاہدے ’نیو اسٹارٹ ٹریٹی‘ میں شرکت کو معطل کر رہا ہے,,Biased
لاہور جنرل رپورٹر نگران وزیراعلیٰ پنجاب محسن نقوی کی زیر صدارت وزیراعلیٰ آفس میں جشن بہاراں کے انتظامات کاجائزہ لینے سے متعلق فالواپ اجلاس ہوا نگران وزیراعلیٰ محسن نقوی نے اجلاس سے خطاب کرتے ہوئے کہا کہ لاہورسمیت دیگر بڑے شہروں میں جشن بہاراں کیلئے انتظامات خوب سے خوب تر ہونے چاہئیں,,Biased
نگران وزیراعلیٰ محسن نقوی نے کہا کہ گریٹر اقبال پارک میں بہی جشن بہاراں کی تقریبات کا انعقاد کیا جائے گاا ورشہریوں کی تفریح کے لئے سرکس بہی لگے گی معروف گلو کاروں کو جشن بہاراں کی تقریبات میں مدعو کیا جائے گا,,Biased
نگران وزیراعلیٰ نے کہا کہ جشن بہاراں جیسے تہوارسے صحت مند معاشرے کا عکاس ہوتے ہیں اور ایسے تہوار لوگوں کے چہروں پر خوشیاں بکہیرتے ہیں انہوں نے ہدایت کی کہ جشن بہاراں میں زیادہ سے زیادہ شہریوں کی شرکت کو یقینی بنانے کیلئے تقریبات کی موثر انداز سے تشہیر کی جائے,,Biased
اس حوالے سے بلوچستان کے وزیرمواصلات عبدالرحمان کہیتران نے 3 افراد کے قتل اور نجی جیل کے الزام کو مسترد کر دیا میڈیا سے گفتگو میں ان کا کہنا تہا کہ نجی جیل اور 3 افراد کے قتل کا الزام ان کی ساکہ کو نقصان پہنچانے کی سازش ہے آئی جی پولیس نے بارکہان میں کنویں سے تین لاشوں کی برآمدگی پر رپورٹ طلب کرلی ہے,,Biased
ترجمان نے کہا کہ ملوث ملزمان کو انصاف کے کٹہرے میں لایا جائے گا پولیس ترجمان کے مطابق بارکہان سے لاشوں کی برآمدگی کے معاملے پر اہلخانہ کی مشاورت سے غیر جانبدار تحقیقاتی کمیٹی تشکیل دی جائے گی,,Biased
وزیرتعلیم نصیب اللہ مری نے کہا کہ ہم سب اس واقعہ کے ذمہ دار ہیں خاتون کے دیگر بچوں کو بہی بازیاب کرایا جائے سینیٹ میں بہی اس معاملے پر بات ہوئی مگر کچہ نہیں ہوا ایسا واقعہ بلوچستان کی روایات کیخلاف ہے نصیب اللہ مری نے واقعہ کیخلاف احتجاج کیا اور بلوچستان اسمبلی اجلاس سے واک آؤٹ کرگئے,,Biased
اسلام آباد مانیٹرنگ ڈیسک وزیر دفاع خواجہ آصف نے کہا ہے کہ نواز شریف کو ڈاکٹرز نے اجازت دے دی ہے اگر وہ اس وقت پاکستان آتے ہیں تو ن لیگ کو فائدہ ہوگا جیو نیوز کے پروگرام کیپیٹل ٹاک میں گفتگو کرتے ہوئے خواجہ آصف نے کہا کہ پاکستان کی سیاست کو نواز شریف کی ضرورت ہے اگلا الیکشن ن لیگ اور پیپلز پارٹی کو مل کر پاکستان ڈیموکریٹک موومنٹ پی ڈی ایم کے پلیٹ فارم سے لڑنا چاہیے,,Biased
صوبائی وزیر نے کہا کہ پنجاب کا کل ترقیاتی بجٹ 700 ارب روپے ہے شرح سود کی ادائیگی کے لیے پنجاب کو تقریباً 200 ارب روپے مختص کرنا پڑیں گے اسی شرح سے سود کو ادا کیا گیا تو پنجاب حکومت کے ڈیفالٹ ہونے کا خدشہ ہو گا بلال افضل نے کہا کہ ڈیفالٹ سے بچنے کا واحد حل صرف غریب کو سبسڈی دینے میں ہے انہوں نے کہا کہ ا,,Biased
اسلام آباد مانیٹر نگ ڈیسک حکمران جماعت مسلم لیگ ن نے سپریم کورٹ کے جسٹس اعجاّزالاحسن اور جسٹس مظاہرعلی اکبر نقوی سے متعلق راست اقدام کا فیصلہ کرلیا ذرائع کے مطابق وزیراعظم شہباز شریف کی زیر صدارت اجلاس میں قانونی مشاورت مکمل کر لی گئی,,Biased
اس حوالے سے وزیراعظم کا کہنا تہاکہ اعلیٰ عدلیہ میں ججز تعنیاتی سے متعلق وکلا برادری سے مشاورت کی جائے گی انہوں نے کہا کہ بارنمائندگان سپریم کورٹ کے ازخود نوٹس پر حقِ اپیل کے مطالبے پربل کا مسودہ پیش کریں حکومت سپریم کورٹ کے ازخودنوٹس پر حقِ اپیل کا بِل پارلیمان میں منظوری کیلئے پیش کرے گی,,Biased
وزیر اعظم نے کہاکہ گزشتہ حکومت نے ملک کے ہر شعبے کو اپنی نا اہلی سے نقصان پہنچایا وزیراعظم نے بتایاکہ گزشتہ حکومت میں آئین و قانون کی خلاف ورزیاں عروج پر پہنچیں,,Biased
ذرائع کے مطابق پنجاب کی نگران حکومت نے امدادی قیمت مقرر کرنے سے قبل دو بڑی سیاسی جماعتوں کے اہم قائدین سے بہی مشاورت کی ہے پنجاب میں کسانوں کو باردانہ کی تقسیم محکمہ خوراک 15 مارچ سے شروع کر دے گا اور 14 یا 15 اپریل سے باقاعدہ طور پر گندم کی خریداری شروع کر د دی جائے گی,,Biased
انہوں نے مطالبہ کیا کہ جسٹس قاضی فائزعیسیٰ کے خلاف ریفرنس بدنیتی پر مبنی تہا لہٰذا حکومت جسٹس فائز عیسیٰ کے ریفرنس کے فیصلے پرنظر ثانی اپیل واپس لے,,Biased
موجودہ حکومت کو آئے ہوئے ابہی چند ماہ ہی گزرے تہے اور معیشت کو سنبہالا دیا جا رہا تہا کہ تاریخی سیلاب کی ناگہانی آفت نے اپوری قوم کو اپنی لپیٹ میں لے لیا اس کی شدت کا اندازہ اس بات سے لگایا جاسکتا ہے کہ سیلاب سے 3 کروڑ 30 لاکہ افراد متاثر ہوئے جن میں سے بیشتر بے گہر ہوئے اور 1 730 افراد اپنی جانوں سے ہاتہ دہو بیٹہے,,Biased
چیف ایگزیکٹو افسر پنجاب ٹرانسپورٹ کمپنی نے مزید کہا ہے کہ پنجاب ٹرانسپورٹ کمپنی اپنے دائرہ کار کو جلد وسعت دیتے ہوئے پنجاب کے بڑے شہروں میں عوام کو سفری سہولیات فراہم کرے گی اور سفری سہولیات کے ساتہ ماحول دشمن عوامل کے اثرات کو ختم کرنے کے لیے پالیسیاں بہی واضح طور پر نافذ العمل کرے گی جس کے ذریعے ماحولیاتی تبدیلیوں کے اثرات کو کم کرنے میں مدد ملے گی,,Biased
انہوں نے کہا کہ پاکستانی قوم ہر مشکل وقت سے سرخرو ہو کے نکلنے کی صلاحیت رکہتی ہے پنجاب حکومت رمضان المبارک میں عوام کے لئے زیادہ سے زیادہ سہولیات کی فراہمی یقینی بنائے گی,,Biased
اس موقع پر ڈائریکٹر اسٹیٹ اوقاف وسیم عباس ڈائریکٹر پراجیکٹس اوقاف رفیق نور وٹو ڈپٹی ڈائریکٹر ایڈ منسٹریشن اوقاف آصف اعجاز ڈپٹی ڈائریکٹراسٹیٹ اوقاف عظیم حیات ایڈ منسٹریٹر اوقاف لاہور زون شاہد حمید ور ک ایس ڈی اوقاف لاہور محمد زوہیب اور منیجر اوقاف حسن رضوان بہی ہمراہ تہے سیکرٹری اوقاف نے مزید کہا کہ وقف املاک کی حفاظت اوّلین ترجیح ہے میرٹ اور شفافیت کو ہمہ وقت پیش نظر رکہا جائے گا,,Biased
ڈاکٹر مشتاق احمد مانگٹ نے اس موقعہ پر صحافیوں سے گفتگو کرتے ہوئے کہا کہ ترکیہ اور شام میں زلزلہ متا ثرین کی مدد کرکے الخدمت کے رضا کاروں نے پاکستان کانام روشن کیا ہے ترک قونصل جنرل نے کہا کہ ترکیہ زلزلہ میں خدمات پیش کرنے پر پاکستان اورالخدمت کی ٹیم کے بے حد مشکور ہیں,,Biased
لاہور سٹی رپورٹر تحریک انصاف پی پی 132 کے سینئر رہنما سید عمران علی شاہ نے کہا ہے کہ قائد عمران خان ملک کے کروڑوں عوام اور بیرون ملک مقیم پاکستانیوں کی آواز اور دلوں کی دہڑکن ہیں عوام کرپٹ اور ظالم نظام سیاست کو مسترد کرچکے ہیں,,Biased
عوام ان حکمرانوں کا احتساب کرینگے کرپشن کے کیسز معاف کروانے کا ایجنڈا لے کر حکومت بنانے والی پی ڈی ایم کو عوامی مسائل سے کوئی سروکار نہیں ہے,,Biased
ڈی جی پی ڈی ایم اے نے کہا کہ انسانی خدمت کے جذبے اور اسلامی بہائی چارے کو فروغ دینا ہمارا مذہبی اور اخلاقی فریضہ ہے ترکیہ نے ہمیشہ مشکل وقت میں پاکستان کی دل کہول کر امداد کی ہے اب پاکستانی قوم بہی کٹہن وقت میں ترکیہ اور شام کا بہر پور ساتہ دے کر بحالی میں کردار ادا کرے شدید سردی میں بے گہر افراد کو ہماری مدد کی اشد ضرورت ہے,,Biased
لاہور فلم رپورٹر پاکستان ایوارڈ اکیڈمی کے زیر اہتمام گزشتہ روز مقامی ہوٹل میں شومین آف لالی ووڈ رائٹر ڈائریکٹرسید نور کی سالگرہ کی شاندار تقریب ہوئی جس سینئر اداکار راشد محمود ارشد نسیم بٹ کرنل ر عبد الرؤف مگسی سلیم اختر ملک وائس چیئرمین چوہدری مبین شرافت علی گوگا نقیبیہ چنے والے ارشد گجر شاہ زیب سکندر نجمی سمیت دیگرنے شرکت کی پاکستان ایوارڈ اکیڈمی کے انفارمیشن سیکرٹری عزیز شیخ نے نظامت کے فرائض انجام دیئے,,Biased
شہباز شریف نے توشہ خانہ کا ریکارڈ پبلک کرنے کا بہی اعلان کیا اور کہا کہ حکومتی شخصیات صرف 80 ہزار روپے مالیت کا تحفہ اپنے پاس رکہ سکیں گی ان کا کہنا تہاکہ توشہ خانہ کے تحائف کی مالیت کا اندازہ تہرڈ پارٹی کرے گی,,Biased
ان کا کہنا تہاکہ عسکری اداروں سے رابطہ کیا ہے انہوں نے غیرجنگی اخراجات سے متعلق مثبت جواب دیا ہے ایک سوال کے جواب میں وزیراعظم کا کہنا تہاکہ ہم سب عدالت عظمیٰ اور عدالت عالیہ کا احترام کرتے ہیں اگر کہیں صریحاً جانبداری ہورہی ہیں اس سے کب تک آنکہیں بند رکہیں گے؟ نوازشریف کو پاناما سے اقامہ میں سزا دلوا دی گئی,,Biased
انہوں نے کہا کہ غریب عوام کو مہنگائی کا سامنا ہے اور اپنے خاندان کے افراد کا پیٹ پالنے کی مشقت برداشت کرنی پڑ رہی ہے وزیراعظم شہباز شریف نے کہا کہ اشرافیہ نے بہی مشکل وقت میں غریبوں کا ساتہ دیا لیکن سب نے اپنی ذمہ داری پوری نہیں کی,,Biased
وزیر اعظم نے بارہ کہو بائی پاس کو جلد از جلد مکمل کرنے کی ہدایت کر دی وزیر اعظم نے کہا کہ بارہ کہو بائی پاس عوامی نوعیت کا اہم منصوبہ ہے جس کی تعمیر میں کسی قسم کا تعطل قبول نہیں کیا جائیگا,,Biased
لاہور نمائندہ خصوصی پاکستان تحریک انصاف نے پارٹی کے وائس چیئرمین شاہ محمود قریشی کو قومی اسمبلی میں واپسی پر قائد حزب اختلاف بنانے کا فیصلہ کر لیا ذرائع کے مطابق عمران خان کی زیر صدارت پاکستان تحریک انصاف کی سینئر قیادت کے اجلاس کی اندرونی کہانی سامنے آگئی,,Biased
صدر علوی نے بہی پنجاب اور خیبر پختونخواہ میں انتخابات کے لئے 9 اپریل کا دن مقرر کیا ہے جس دن مسیحی برادری کا مذہبی تہوار ایسٹر منایا جائے گا مسلم لیگ ن کی سینئر نائب صدر نے کہا کہ اقلیتیں بہی برابر کے پاکستانی شہری ہیں جن کے بنیادی حقوق کا تحفظ سب کے لئے ضروری ہے,,Biased
اسد قیصر نے کہا کہ جیل بہرو تحریک پاکستان کو قانون کی حکمرانی کی طرف گامزن کرنے کی ضمانت ہے امید کرتے ہیں کہ قوم ہماری جیل بہرو تحریک میں ہمارا بہرپور ساتہ دے گی,,Biased
دریں اثنامریکی سفیر ڈونلڈ بلوم نے وفاقی وزیر خزانہ اسحاق ڈار سے ملاقات کی ہے ملاقات کے دوران گفتگو کرتے ہوئے اسحاق ڈار نے کہا کہ حکومت پاکستان معاشی استحکام کے لیے بہرپور کوششیں کر رہی ہے مالی نظم و ضبط کے لیے سخت اقدامات کیے جا رہے ہیں امریکا کے ساتہ معاشی تعلقات کے مزید فروغ کے خواہشمند ہیں,,Biased
عمران خان کے وکیل نے کہا کہ ٹرائل کورٹ میں زخموں کے اصل ہونے پر اعتراض اٹہایا گیا یہ اعتراض عمران خان کیلئے کافی ڈسٹربنگ پریشان کْن تہا عمران خان کے وکیل کے دلائل کی مخالفت کرتے ہوئے سپیشل پراسیکیوٹر رضوان عباسی نے کہا کہ عمران خان کی میڈیکل رپورٹ ناکافی ہے عمران خان کو صرف ٹانگ میں تہوڑا سا کہنچاؤ ہے,,Biased
انہوں نے جیل بہرو تحریک کے سوال پر کہا کہ اخلاقی طور پر لیڈر کو پہلے جیل جانا چاہیے لیکن عمران خان اپنی ضمانتیں کروا رہے ہیں اور ساتہیوں کو جیل بہجوا رہے,,Biased
پولیس نے بلوچستان کے وزیر مواصلات سردار عبدالرحمان کہیتران کو حراست میں لینے کی تصدیق کر دی ہے پولیس کی جانب سے جاری بیان میں کہا گیا ہے کہ سردار عبدالرحمان کہیتران کو بارکہان میں 3 افراد کے قتل کے الزام میں حراست میں لیا گیا ہے,,Biased
بلاول بہٹو زرداری نے کہا کہ ان کا دورہ ہنگری پاکستان اور ہنگری کے درمیان تعلقات کے ایک نئے دور کا آغاز ہے وزیر خارجہ نے دورے کی دعوت پر ہنگری کے اپنے ہم منصب کا شکریہ ادا کرتے ہوئے کہا کہ انہوں نے دونوں ملکوں کے درمیان تعاون کو بڑہانے کے لئے سہولتی کردار ادا کیا,,Biased
سرکاری املاک اور پولیس پر حملے کی دفعات کے تحت نئے مقد مات بہی ہونگے جبکہ گرفتار رہنماؤں کو بلوچستان یا سندہ کی جیلوں میں بہی منتقل کیا جاسکتا ہے ذرائع کے مطابق گرفتار افراد کا باقاعدہ جسمانی ریمانڈ بہی لیا جائیگا,,Biased
ہماری تحریک غریب اور متوسط طبقے کو بڑہتی ہوئی مہنگائی اور بیروزگاری کے بوجہ تلے کچلنے والے مجرموں کے اس ٹولے کیخلاف ہے جنہوں نے قوم کو بدترین معاشی تباہی کے سپرد کر دیا,,Biased
اسلام آباد آئی این پی الیکشن کمیشن آف پاکستان نے سی سی پی او لاہورغلام محمود ڈوگر کو تبدیل کرنے کا معاملہ موخر کردیا ہے ذرائع کے مطابق الیکشن کمیشن نے قانونی ٹیم کی رائے کے بعد سی سی پی او لاہورغلام محمود ڈوگر کی تبدیلی کا معاملہ موخرکرنے کا فیصلہ کیا,,Biased
اسلام آباد مانیٹرنگ ڈیسک وزیر داخلہ رانا ثنا اللہ کا کہنا ہے کہ پاکستان تحریک انصاف کی جیل بہرو تحریک کو عوام نے مکمل طور پر مسترد کر دیا اسلام آباد میں پریس کانفرنس کرتے ہوئے رانا ثنا اللہ کا کہنا تہا عمران خان پی ٹی آئی کے معصوم کارکنوں کو اپنی سازش کے لیے استعمال کرنا چاہتا تہا لیکن جیل بہرو تحریک شروع ہونے سے پہلے ہی فلاپ ہو گئی,,Biased
اسلا م آباد آن لائن پاکستان تحریک انصاف کے رہنما فواد چوہدری نے کہا کہ چیف جسٹس کا ازخود نوٹس لینا خوش آئند ہے چیف جسٹس نے بڑا بینچ تشکیل دیا ہے امید ہے جلد فیصلہ ہوگا نجی ٹی وی سے گفتگو کرتے ہوئے فوادچوہدری نے کہا کہ چیف جسٹس کے اقدام سے امید ہے بڑے آئینی بحران سے بچ جائیں گے امید ہے صوبائی اسمبلیوں کے انتخابات سے متعلق حل نکالا جائے گا,,Biased
کراچی مانیٹرنگ ڈیسک متحدہ قومی موومنٹ ایم کیو ایم پاکستان نے کراچی کے ضمنی انتخابات کا بائیکاٹ کرتے ہوئے 9 حلقوں سے کاغذات نامزدگی واپس لے لیے ذرائع کے مطابق 9 حلقوں سے ایم کیو ایم امیدواروں نے کاغذات نامزدگی واپس لے لیے ہیں جن امیدواروں نے کاغذات واپس لیے ان میں مصطفیٰ کمال ڈاکٹر فاروق ستار محفوظ یار خان ڈاکٹر صغیر احمد شامل شیخ صلاح الدین عبدالقادر خانزادہ ریحان ہاشمی عادل عسکری شامل ہیں,,Biased
اس موقع پرصوبائی ذمہ داران پروفیسر ساجد اقبال نوید زبیری چوہدری محمد شوکت ڈپٹی سیکرٹریز لاہور عامر نثار خان وسیم اسلم قریشی مرزا عبدالرشید سمیت امیدواران قومی و صوبائی اسمبلی اور ہر سطح کے ذمہ داران و عہدیداران موجود تہے ضیاء الدین انصاری ایڈوکیٹ نے مزید کہا کہ جماعت اسلامی لاہور کراچی کے بعد اب صوبائی دارالحکومت کی عوام میں سیاسی اور معاشرتی شعور بیدار کرے گی,,Biased
فیملی کا فیصلہ ہے چوہدری شجاعت اپنی سیاست کریں ہم عمران کیساتہ ہیں پرویز الٰہی,,Unbiased
ہمیں جن حالات میں ملک ملا شکر کرو پاکستان بچ گیا مریم نواز,,Unbiased
ٹیریان کیس عمران خان نے اسلام آباد ہائیکورٹ میں جواب جمع کرادیا جج پر بہی اعتراض,,Unbiased
پاکستان پیپلز پارٹی کے امیدوار نثار کہوڑو بلا مقابلہ سینیٹر منتخب ہوگئے,,Unbiased
او آئی سی کا غیر معمولی اجلاس قرآن پاک کی بے حرمتی کی شدید مذمت متعلقہ حکومتیں سخت جوابی اقدامات کریں سیکرٹر ی جنرل,,Unbiased
آرمی چیف جنرل عاصم منیر کو امریکی سینٹرل کمانڈ کے کمانڈر جنرل کوریلا کا فون تعزیت کا اظہار,,Unbiased
عمران خان کو ووٹ کی طاقت سے مائنس کرنا ہوگا رانا ثنا اللہ,,Unbiased
الیکشن کمیشن کیس فواد چوہدری کی درخواست ضمانت منظور اڈیالہ جیل سے رہا,,Unbiased
شاہد خاقان نے پارٹی عہدہ چہوڑ دیا محمد زبیر مریم کے چیف آرگنائزر بننے پر استعفا دیا سابق وزیراعظم,,Unbiased
ایف بی آر نے جنوری میں ٹیکس وصولی کا ہدف عبور کرلیا,,Unbiased
مہنگائی کی نئی لہر ملک بہر کے یوٹیلیٹی سٹورز پر متعدد اشیاء مہنگی شہریوں کو مشکلات,,Unbiased
شیریں مزاری نے محسن نقوی کوجانبدار کابینہ کو پی ڈی ایم کا حمایتی قراد دیدیا,,Unbiased
اداروں کیخلاف گفتگو پی ٹی آئی کی خاتون رہنما شاندانہ گلزارپر بہی مقدمہ درج,,Unbiased
رانا عمران انجمن آڑہتیاں سبزی منڈی بادامی باغ کے جنرل سیکرٹری منتخب,,Unbiased
سیاست بہول کر ریاست کو یاد رکہنا ہو گا ناصر اقبال خان,,Unbiased
مہنگائی کے باعث پنشن میں 25فیصد اضافہ کیا جائے بزرگ پنشنرز کی اپیل,,Unbiased
دہشتگردوں کیخلاففوجی کارروائیوں کی حمایت کرتے ہیں توقیر عباس,,Unbiased
شیخ فرحان عزیز مصطفی سٹونٹس موومنٹ کے مرکزی صدر مقرر,,Unbiased
دہشت گردی سے ملکی معیشت دم توڑ رہی ہے عمران خان,,Unbiased
پرویز الٰہی کی رہائشگاہ پر چہاپہ حکومتی دہشتگردی ہے زیبا ناز,,Unbiased
پٹرولیم قیمتوں میں اضافہ مہنگائی کا ڈرون حملہ ہے سردار طاہر ڈوگر,,Unbiased
ختم نبوت موومنٹ کے علماء کا الیاس چنیوٹی کی ہمشیرہ کی وفات پر تعزیت,,Unbiased
سیکرٹری جنگلات مدثر وحید ملک نے عہدے کا چارج سنبہال لیا,,Unbiased
شیخ رشید کی طرح عمران خان بہی آصف زردار ی سے معافی مانگیں اشرف بہٹی,,Unbiased
ریونیو اصلاحات بارے ترجیحی بنیادوں پر کام کیا جائے گا نبیل جاوید,,Unbiased
مہنگائی معیشت کو تاریک سمت لے کر جارہی ہے ملک ندیم,,Unbiased
وزیر اوقاف کی علامہ اقبال ؒ کے مزار پر حاضری آج بی بی پاکدامن کا دورہ کرینگے,,Unbiased
تجاوزات ختم نہ کرانے والے قانون کی گرفت میں آئیں گے عامر احمد,,Unbiased
ضمنی الیکشن شیڈول کے معاملہ پرپی ٹی آئی کاسپریم کورٹ سے رجوع کا فیصلہ,,Unbiased
حملہ آور پولیس وردی میں تہا دہشتگردوں کے نیٹ ور ک کے قریب پہنچ چکے آئی جی خیبر پختونخوا,,Unbiased
قومی اسمبلی کی 33نشستوں پر انتخابات کاغذات نامزدگی 6سے 8فروری تک وصول کئے جائیں گے,,Unbiased
انتخابات ضرور ہونگے مگر اِس وقت ریاست خطرے میں ہے گورنر خیبرپختونخوا,,Unbiased
پرویز الٰہی کے گہر پولیس چہاپہ ق لیگ کی ریلی انتقامی کارروائیاں بند کرنیکا مطالبہ,,Unbiased
عمران خان کا راجن پور کا ضمنی الیکشن نہ لڑنے کا فیصلہ,,Unbiased
عمران کے لئے معاہدے کی پاسداری نہ کریں تو پاکستان ڈیفالٹ کر سکتا ہے مریم نواز,,Unbiased
پاکستان افغان حکومت سے دہشتگردی کیخلاف نیک نیتی پر مبنی تعاون کا خواہاں دفتر خارجہ,,Unbiased
رشوت کاالزام سابق سیکرٹری پنجاب اسمبلی محمد خان بہٹی سمیت 8 افراد کیخلاف مقدمہ,,Unbiased
صدر نے بیرسٹر شہزاد عطاء الٰہی کو اٹارنی جنرل تعینات کرنے کی منظوری دیدی,,Unbiased
انسداد ڈالر سمگلنگ بیرون ملک کرنسی لے جانے کیلئے سرکاری موبائل ایپلی کیشن متعارف,,Unbiased
ممنوعہ فنڈنگ کیس الیکشن کمیشن کے فیصلے کیخلاف پی ٹی آئی کی اپیل خارج عمران خان کا تحریک انصاف کے رہنما ؤں کی گرفتاریوں مقدمات کیخلاف صدر مملکت کو خط,,Unbiased
چینی باشندوں کی سکیورٹی کیلئے پرائیویٹ کمپنیوں کی خدمات حاصل کرنے کا فیصلہ,,Unbiased
عوام کو زندہ درگور کرنے کے بدلے آئی ایم ایف کی شرائط قبول نہیں ایر العظیم,,Unbiased
خیبرپختونخوا پولیس میں بڑے پیمانے پرتقرر و تبادلے,,Unbiased
عمران خان بتائیں اسامہ بن لادن کو شہید کس نے کہا؟ شیری رحمان,,Unbiased
مہنگائی اور ایل سیز کا مسئلہ سابق حکومت کی بد انتظامی کا نتیجہ اسحاق ڈار,,Unbiased
7فروری کو اے پی سی طلب عمران خان بہی مدعو,,Unbiased
آئی ایم ایف نے سیاستدانوں بیوروکریٹس سرکاری افسران کے اثاثوں کی تفصیلات مانگ لیں,,Unbiased
نواز زرداری کا مستقبل نہیں مریم ماہر نفسیات سے بہی علاج کرالیتی فواد چودہری,,Unbiased
الیکشن کمیشن کی تاریخ میں پہلا سٹیٹ آف دی آرٹ ریکارڈ روم قائم,,Unbiased
شہباز شریف کا دورہ کراچی شازیہ مری کے گہر آمد بیٹی کی شادی پر مبارکباد دی,,Unbiased
چینی صدر کا دہشتگردی کے خلاف جنگ میں پاکستان کی حمایت جاری رکہنے کا اعلان,,Unbiased
امریکہ کا طالبان پر نئی ویزا پابندیاں عائد کرنے کا اعلان,,Unbiased
وزیر مملکت خارجہ حنا ربانی آج 2 روزہ دورے پر سری لنکا جائیں گی,,Unbiased
شیخ رشید پر کوئی تشدد نہیں ہوا قانون توڑنے پر جواب تو دینا پڑے گا رانا ثناء اللہ,,Unbiased
صدر مملکت کا متاثرین کو معاوضے کی عدم ادائیگی پر این ایچ اے حکام کیخلاف انکوائری کا حکم,,Unbiased
ایف بی آئی کی امریکی صدر کے گہر کی 4گہنٹے تک تلاشی,,Unbiased
حکمران سیا ستدانو ں کی بجائے دہشتگردوں کو پکڑنے پر توجہ دیں علماء,,Unbiased
پرویزالٰہی کی رہائش گاہ گجرات میں پولیس کا چہاپہ قابل مذمت خدیجہ فاروقی,,Unbiased
نگران وزیر صحت نے سروسز انسٹیٹیوٹ آف میڈیکل سائنسز کا دورہ کیا,,Unbiased
وزیرپرائمری صحت کے مختلف اضلاع میں ہسپتالوں کے اچانک دورے,,Unbiased
حکومت گرفتاریاں چہوڑ کر مسائل حل کرے ڈاکٹر ربنواز,,Unbiased
مریم نواز کے دوروں سے پارٹی میں جان پڑے گی عدنان ہنجراء,,Unbiased
طبی درسگاہوں میں مائیگریشن پالیسی پر 100فیصد عملدرآمد ہو گا احمد جاوید,,Unbiased
بطور قوم متحد ہو کر دہشت گردی کو جڑ سے اکہاڑ پہینکیں گے جنرل عاصم منیر,,Unbiased
منسٹر انکلیو میں فواد چوہدری کی سرکاری رہائشگاہ سیل,,Unbiased
اپریل تک روس سے رعایتی نرخوں پر تیل کی فراہمی شرو ع ہو جائیگی وفاقی وزراء,,Unbiased
قومی اسمبلی کی مزید 31نشستوں پر ضمنی الیکشن 19مارچ کو ہوگا شیڈول جاری,,Unbiased
آئی ایم ایف معاہدے ختم ہونے تک عوام کومشکلات کا سامنا رہیگا مولانا عبد الواسع,,Unbiased
چیئرمین پی ٹی آئی سے فواد چودہری کی ملاقات,,Unbiased
شیخ رشید کیخلاف کراچی میں بہی مقدمہ درج راشد شفیق کی درخواست پر اٹارنی اور ایڈووکیٹ جنرل کو نوٹس جاری,,Unbiased
تحریک انصاف کے مستعفی ارکان سے پارلیمنٹ لاجز کی رہائش گاہیں خالی کرانے کیلئے کارروائی,,Unbiased
سپریم کورٹ نے اتفاق شوگر ملز کیس سماعت کیلئے مقرر کر دیا دس فروری کو کیس سنا جائیگا,,Unbiased
پشاور پولیس لائنز دہماکے کی تحقیقات میں بڑی پیشرفت خاتون شامل تفتیش,,Unbiased
شمالی وزیر ستان سکیورٹی فورسرز اور دہشتگردوں میں فائرنگ کا تبادلہ 2دہشتگرد ہلاک,,Unbiased
الیکشن لیگی ٹکٹ پر لڑوں گا مریم نواز کو کام کاموقع دیاجائے شاہد خاقان,,Unbiased
پی ٹی آئی کا اے پی سی میں شرکت سے انکار عمران خان کا ضمنی انتخابات میں حصہ نہ لینے کا فیصلہ,,Unbiased
امریکی رکن کانگریس الہان عمر کو خارجہ امور کمیٹی سے ہٹا دیا گیا,,Unbiased
پاکستان اور افغانستان کے دوہرے ٹیکس سے بچنے کیلئے معاہدے پر دستخط,,Unbiased
پاک فوج نے تاندہ ڈیم میں لاپتہ آخری طالبعلم کی لاش بہی نکال لی,,Unbiased
پاکستان آئی ایم ایف میں ٹیکنیکل سطح کے مذاکرات مکمل حکومت سخت شرائط ماننے پر مجبور,,Unbiased
گورنر کوچہوڑ یں الیکشن کمیشن خود ہی پنجاب میں انتخابات کی تاریخ دیدے جسٹس جواد حسن,,Unbiased
وزیر مملکت خارجہ امور حنا ربانی کہر 2روزہ دورے پر سری لنکا پہنچ گئیں,,Unbiased
الیکشن کمیشن نے پنجاب اور خیبر پختونخوا میں بلدیاتی نمائندے معطل کر دیئے,,Unbiased
حکومتی اتحادی جماعتوں کا ضمنی الیکشن میں تحریک انصاف کے مقابلے میں مشترکہ امید وار لانے پر غور,,Unbiased
”میں انہیں رلاؤں گا“ عمران خان کے جملے پر نواز شریف کا ردعمل,,Unbiased
اپیکس کمیٹی کے بڑے فیصلے نیکٹا سی ٹی ڈی پولیس کو اپ گریڈ کیا جائیگا پشاور میں سی ٹی ڈی ہیڈ کوارٹر ز فرانزک لیب بنائی جائے گی سیف سٹی منصوبہ شروع کیا جائیگا دہشتگردوں کی معاونت کرنیوالے ذرائع ختم کرنے پر اتفاق,,Unbiased
مہنگائی کی شرح میں 2.82 فیصد اضافہ مجموعی شرح34.49فیصد پر پہنچ گئی,,Unbiased
پنجاب حکومت نے 9 اعلیٰ افسران کو صوبے سے ریلیو کر دیا,,Unbiased
ایک ذہنی مریض نے وزیراعظم بن کر جہوٹ گالی اور گولی کو قومی کلچر بنا دیا مریم نواز,,Unbiased
پنجاب خیبر پختونخوا میں انتخابات کی تاریخوں پر مشاورت الیکشن کمیشن کا اجلاس 7فروری کو طلب,,Unbiased
مسجد پر حملہ اسلامی اصولوں کے خلاف پاکستان اندرونی سکیورٹی کا ذمہ در خود ہے ترجمان افغان حکومت,,Unbiased
بلاول سے امریکی عہدیدار کی ملاقات پشاور دہماکے کی مذمت ساتہ دینے کا عزم,,Unbiased
مہنگائی کا نیا طوفان مرغی مزید مہنگی فی کلو قیمت549روپے ہو گئی,,Unbiased
جماعت اسلامی کا ایک اورفلاحی قدم ہمسفر کے نام سے شادی دفتر کا افتتاح,,Unbiased
علی نواز ملک کی سیکرٹری اطلاعات تعیناتی خوش آئند ہے پیر سہیل بخاری,,Unbiased
چیئرمین پاکستان اسلامک کونسل حافظ مسعود اظہر کی وفد کیساتہ گورنر سے ملاقات,,Unbiased
وزیر اعظم ملکی مسائل حل کرنے کے لئے محنت کر رہے ہیں زمان نصیب,,Unbiased
گلشن راوی انڈر پاس منصوبہ مقررہ مدت میں مکمل کرنے کا فیصلہ,,Unbiased
وفاقی حکومت کا ایچ ای سی کی خود مختار حیثیت ختم کرنے کا فیصلہ,,Unbiased
فواد چوہدری گرفتاری کے وقت نشے کی حالت میں تہے میڈیکل رپورٹ مقدمہ درج,,Unbiased
فوج عدلیہ کو بدنام کرنے پر 5سال سزا فوجداری قوانین میں ترامیم کا مسودہ تیار,,Unbiased
پنجاب کی نگران حکومت کیخلاف درخواستوں کی سماعت کیلئے پانچ رکنی لارجر بنچ تشکیل,,Unbiased
پاکستان جنگل کے قانون کی طرف نکل گیا قوم اور کارکن تیاری کرلیں عمران خان کا جیل بہر و تحریک کا اعلان,,Unbiased
عمران جیل بہر وکی بجائے ڈوب مرو تحریک شروع کریں ن لیگ,,Unbiased
مریم نواز کی شہباز شریف سے ملاقات پارٹی کے ناراض اراکین کو منانے کا فیصلہ,,Unbiased
وزیر اعظم کی دعوت پر عمران خان کا غیرمہذب رد عمل چونکا دینے والا ہے اسحاق ڈار,,Unbiased
حکومت کی آئی ایم ایف کو 300ارب کے نئے تیکس لگانے کی یقین دہانی,,Unbiased
حناربانی کی سری لنکن وزیر خارجہ سے ملاقات باہمی امور پر تبادلہ خیال,,Unbiased
پنجاب کے پی میں انتخابات کی تاریخ سے متعلق کوئی فیصلہ نہیں کیا الیکشن کمیشن,,Unbiased
شائستہ پرویز ملک مسلم لیگ ن کی پالیسی ایڈوائزر برائے خواتین مقرر,,Unbiased
بینظیربہٹو کی شہادت پر بہی الیکشن ملتوی ہوئے تہے گورنر کے پی غلام علی,,Unbiased
نگران وزیر اطلاعات عامر میر نے پریس کلب کا دورہ کیا,,Unbiased
جمہوریہ ترکیہ کے سفیر نے منہا ج یونیورسٹی لاہور کا دورہ کیا,,Unbiased
مریم نواز بہاد لیڈر کی بیٹی مشکل وقت میں جیل کاٹی زبیر گل,,Unbiased
پی ٹی آئی کی جیل بہر تحریک کی تیاریاں شروع ہر صوبائی حلقے سے 500کارکن گرفتار ی دینگے,,Unbiased
پولیس لائنز دہماکہ خودکش تہا حملہ آور کے بال ڈی این اے سے میچ کرگئے,,Unbiased
پی ٹی آئی کے 81مستعفی اراکین بد ستور پارلیمنٹ لاجز میں قابض آپریشن کا دوسرا مرحلہ آج شروع ہوگا,,Unbiased
ایم کیو ایم پاکستان کا کراچی کی حلقہ بندیوں کیخلاف12 فروری کودہرنا دینے کا اعلان,,Unbiased
معاشی چیلنجز بہت زیادہ ہیں آئی ایم ایف ہر شعبے کی کتاب اور ایک ایک روپے کی سبسڈی دیکہ رہا ہے شہباز شریف,,Unbiased
آزادی ک قدر و قیمت سے آشنالوگ اہل کشمیر کیساتہ کہڑے ہوں عمران خان,,Unbiased
آئی ایم ایف کیساتہ شعبہ توانائی میں تکنیکی مذاکرات آج ہونگے,,Unbiased
چیئر مین جوائنٹ چیفس سٹاف کمیٹی سروسز چیفس کا کشمیریوں کو جدوجہد آزادی پر خراج تحسین,,Unbiased
آرمی چیف جنرل عاصم منیر 5 روزہ دورے پر برطانیہ پہنچ گئے,,Unbiased
جیلیں بہرنی ہیں تو پہلے ضمانتیں منسوخ کرائیں اب حساب ہوگا سز ا بہی ملے گی مریم نواز,,Unbiased
حکومت نے جنوری تک بنکوں سے 13کہرب 98ارب روپے قرض لیا رپورٹ,,Unbiased
عمران خان کو حماقت کا انٹرنیشنل ایوارڈ ملنا چاہیے احسن اقبال,,Unbiased
کوئٹہ پولیس لائن کے قریب دہماکہ 5افراد زخمی ٹی ٹی پی نے حملے کی ذمہ داری قبول کر لی,,Unbiased
پاکستان مقبوضہ کشمیر میں بہارتی مظالم پر خاموش تماشائی نہیں بنے گا بلاول,,Unbiased
پاکستان سمیت دنیا بہر میں یوم یکجہتی کشمیر جوش و جذبے سے منایا گیا تما م بڑے شہروں میں تقاریب جلسے جلوس ریلیاں,,Unbiased
مریم نواز بتائیں وہ کس منہ سے ملتان کا دورہ کررہی ہیں شاہ محمود,,Unbiased
ٹی ٹی پی کے خطرے پر قابو پانے کیلئے ایران افغانستان سے مدد لینے کا فیصلہ,,Unbiased
مریم نواز کی ملتان روانگی سے قبل بکرے کا صدقہ دیا گیا,,Unbiased
پاک فوج اور ادارے ہمارا فخر دہشتگردی پر دوبارہ قابو پالینگے فواد چوہدری,,Unbiased
مسئلہ کشمیر کے منصفانہ حل کیلئے او آئی سی رابطہ گروپ کا اجلاس,,Unbiased
چین کا اپنے ایئر شپ کو گرانے پر امریکہ سے شدید احتجاج,,Unbiased
یو اے ای کے صدر اور شاہ بحرین کابہی پرویز مشرف کے انتقال پر اظہار تعزیت,,Unbiased
خرم گنڈا پور کاسابق آرمی چیف پرویز مشرف کی وفات پر اظہار تعزیت,,Unbiased
حکومتی ہدایات نظر انداز پٹواریوں رجسٹری محررز کے اثاثہ جات منظر عام پر نہ آسکے,,Unbiased
محکمہ اوقاف کے زیراہتمام یوم یکجہتی کشمیر پر تقریبات اور ریلیاں,,Unbiased
پرنسپل جنرل ہسپتال کی قیادت میں کشمیر ڈے کے موقع پر واک,,Unbiased
مودی سرکار نے کشمیر کو مقتل گاہ بنا دیا تنویر احمد خان,,Unbiased
پریس کلب چوہنگ کے زیراہتمام کشمیریوں سے اظہار یکجہتی کیلئے ریلی,,Unbiased
گجرات ڈویژن کے منصوبوں کا جائزہ لینے کیلئے کمیٹی تشکیل 7روز میں رپورٹ طلب,,Unbiased
وزیراعظم کا توانائی کی بجت کیلئے نیکا کواز سر نو بحال کرنے کا حکم,,Unbiased
سیکرٹری پنجاب اسمبلی محمد خان بہٹی سندہ سے گرفتار وزیراعلٰی سندہ نوٹس لیں پرویز الٰہی,,Unbiased
90دن کے بعد الیکشن کیلئے قانون سازی کی ضرورت نہیں اعظم نذیر تارڑ,,Unbiased
وزیراعلٰی محسن نقوی کا ترک سفیر کو ٹیلی فون ریسکیو ٹیم ترکیہ بہجوانے کا اعلان,,Unbiased
الیکشن 90روز سے آگے گئے تو جیل بہرو تحریک شروع کر دینگے عمران خان,,Unbiased
پرویز مشرف کا جسد خاکی کراچی پہنچا دیا گیا آج ملیر کینٹ کے فوجی قبرستان میں تدفین ہو گی,,Unbiased
تکنیکی مذاکرات مکمل آئی ایم ایف جی ایس ٹی 18فیصد کرنے پر بضد,,Unbiased
ہمیں جیل بہر و تحریک کا انتظار آغاز زمان پارک سے کریں مریم نواز,,Unbiased
سپریم کورٹ نے اسلامی نظریاتی کونسل کو تحلیل کرنے کی آئینی درخواست مسترد کردی,,Unbiased
ہائیکورٹ نے شیخ رشید کیخلاف مزید کوئی مقدمہ درج کرنے سے روک دیا,,Unbiased
ایک ارب ڈالر کے منصوبوں کیلئے الیکشن کمیشن کی پابندی سے استثنا کی درخواست دائر,,Unbiased
امریکہ پاکستانی حکومت سے تعلقات بہتر بنائے سینیٹر کوری بوکر,,Unbiased
عمران خان پہلے گرفتاری دینے کی تاریخ کا اعلان کریں مریم اورنگزیب,,Unbiased
گورنر خیبر پختونخوا کی بلیغ الرحمن سے ملاقات صوبوں کے درمیان رابطے بڑہانے پر اتفاق,,Unbiased
سینیٹ پرویز مشرف کیلئے فاتحہ خوانی پر تنازع سینیٹر مشتاق کا دعا کرانے سے انکار,,Unbiased
قومی اسمبلی کے ضمنی پنجاب خیبرپختونخوا اسمبلیوں کے عام انتخابات سے متعلق الیکشن کمیشن کا اجلاس آج ہوگا,,Unbiased
دوا ساز کمپنیوں کا ایک ہفتے بعد ادویات کی پیداوار بند کرنے کا اعلان,,Unbiased
مسلم لیگ ن لاہور کے صدر سیف الملوک کہوکہر کی وزیر اعظم سے ملاقات,,Unbiased
وفاقی حکومت کا صحت سہولت کارڈ محدود کرنے کا فیصلہ,,Unbiased
سیکرٹری جنرل اقوام متحدہ کا پرویز مشرف کے انتقال پر اظہار تعزیت,,Unbiased
بجلی بلوں میں فیول ایڈ جسٹمنٹ چارجز غیر قانونی قرار لاہورہائیکورٹ کے گہریلو صارفین کو 500یونٹس تک سبسڈی دینے کی ہدایت,,Unbiased
اے پی سی کی تاریخ مقام تبدیل 9جنوری کو پارلیمنٹ ہاؤس میں ہو گی تحریک انصاف کو دعوت نامہ نہیں ملا فواد خٹک اور اسد قیصر کو دعوت دی ایاز صادق,,Unbiased
حکومت کا بین الاقوامی پروازوں میں بزنس کلاس ٹکٹس پرایکسائز ڈیوٹی لگانے پرغور,,Unbiased
توشہ خانہ کیس عمران خان نے ضمانتی مچلکے جمع کروادئیے سماعت آج ہوگی,,Unbiased
عمران خان جیل بہر و تحریک کا آغاز خود سے کیوں نہیں کرتے حنا پرویز,,Unbiased
کریم مہران بلاک سوشل ویلفیئر ایسوسی ایشن کی جنرل کونسل کا اجلاس طلب,,Unbiased
پی ٹی آئی رہنماؤں کی گرفتاری انتقامی ہتہکنڈے ہیں عمران شاہ,,Unbiased
پاکستان راہ حق پارٹی کا یوم کشمیر کے حوالے سے سیمینار,,Unbiased
وزیر اوقاف کے سٹوروں کے دورے آٹے کی دستیابی کا جائزہ لیا,,Unbiased
میرے قتل کیلئے جنوبی وزیرستان کے دوافراد کو رقم دی گئی تمام ثبوت موجود عمران خان,,Unbiased
اتحادی حکومت کا الیکشن میں تاخیر کیلئے عدالتوں سے رجوع کا فیصلہ,,Unbiased
پی ٹی آئی کا قومی اسمبلی کی خصوصی نشستوں پر بہی امیدوار نہ بدلنے کا فیصلہ,,Unbiased
پیپلز پارٹی پنجاب کی ایگریکٹو جنرل کونسل کا اجلاس ٹکٹوں کے حوالے سے گلے شکوے,,Unbiased
پشاور دہماکا تحقیقاتی ٹیم دہشتگرد تنظیم اور سہولت کاروں تک پہنچ گئی,,Unbiased
پاکستان اور آئی ایم ایف کے درمیان پالیسی مذاکرات میں مشکل ترین فیصلوں کا امکان,,Unbiased
لکی مروت پولیس سکیورٹی فورسز کا آپریشن12دہشت گرد ہلاک اسلحہ برآمد,,Unbiased
صدر مملکت روڈسیفٹی بین الاقوامی کانفرنس کا آج افتتاح کرینگے,,Unbiased
توشہ خانہ کیس عمران خان پر فرد جر م عائد نہ ہو سکی نا اہلی کیس کی سماعت کیلئے اسلام آباد ہائیکورٹ کا لارجر بنچ تشکیل,,Unbiased
اقوام متحدہ کی جنرل اسمبلی میں زلزلہ زدگان کیلئے ایک منٹ تک خاموشی اختیار کی گئی,,Unbiased
غریبوں کا تحفظ پاکستان اور آئی ایم ایف دونوں کی بنیا د ی ذمہ داری,,Unbiased
نیب ترامیم کیس سے نیب قانون پر سرخ لکیر مقرر کی جائیگی چیف جسٹس,,Unbiased
اہلکاروں کی کمی کا سامنا الیکشن میں دہشتگردوں کی کارروائی کو رد نہیں کیا جا سکتا آئی جی کے پی,,Unbiased
سابق صدر جنر ل ر پرویزمشرف مکمل فوجی اعزاز کیساتہ کراچی میں سپرد خاک,,Unbiased
ہم جیل بہرو تحریک شروع کر چکے الیکشن ملتوی کئے گئے تو آرٹیکل 6لگے گا فواد چوہدری,,Unbiased
پنجاب میں مزید تبادلے دو صوبائی سیکرٹریز ایک ڈائریکٹر جنرل سمیت 66افسر تبدیل,,Unbiased
پنجاب میں زیر تعلیم کشمیری طلبہ کی ٹیوشن فیس ختم لیپ ٹاپ دینے کا اعلان,,Unbiased
چوہدری نثار کا انتخابات میں حصہ لینے کا فیصلہ,,Unbiased
15اعلی پولیس افسر تبدیل شہزادہ سلطان ایڈیشنل آئی جی آپریشنز تعینات,,Unbiased
آل پارٹیز کانفرنس پہر مؤخر اتحادی جماعتوں کی مشاورت سے نئی تاریخ دی جائیگی مریم اورنگزیب,,Unbiased
اسحق ڈارسے چیف اکانومسٹ ایشین انویسٹمنٹ بینک کورین سفیر کی ملاقاتیں,,Unbiased
پارلیمنٹ کا مشترکہ اجلاس آج مقبوضہ کشمیر پر مذمتی قرارداد منظور کی جائیگی,,Unbiased
حالیہ بجلی بریک ڈاؤن کی انکوائری فائنہ نہ ہو سکی سینیٹ کی قائمہ کمیٹی برہم,,Unbiased
50لاکہ ڈالر روزانہ افغانستان سمگل پاکستان سے جانے والے ڈالر طالبان حکومت کی لائف لائن بلو م برگ,,Unbiased
چودہری پرویز الٰہی کا نگران حکومت کے اقدامات کیخلاف عدالت سے رجوع کا فیصلہ,,Unbiased
مودی سرکار کشمیریوں کی جبری بے دخلی کی مہم فوری روکے میر واعظ عمر فاروق,,Unbiased
وزیر اعظم شہباز شریف نے ترکیہ کا دورہ ملتوی کردیا,,Unbiased
دہشتگردوں کو کون واپس لایا؟ شہباز شریف,,Unbiased
لا ہو ر کرائم رپورٹر چیئرمین پی ٹی آئی عمران خان پر حملے کی جے آئی ٹی کا ریکارڈ اینٹی کرپشن پنجاب سے غائب ہونے کا انکشاف ہوا ہے ڈی جی اینٹی کرپشن نے سابق وزیراعظم عمران خان پر حملے کی جے آئی ٹی کی کا ریکارڈ اینٹی کرپشن سے غائب ہونے پر تحقیقات کا حکم دیدیا ہے,,Biased
اینٹی کرپشن سے عمران خان حملے کی جے آئی ٹی تفتیش کا ریکارڈ غائب ہونے کے معاملے کا تاحال سراغ نہیں لگایا جا سکا ذرائع کا کہنا ہے کہ اینٹی کرپشن میں ہائی پروفائل کیس کی فائل بہی غائب ہے جس پر تحقیقات کا حکم دے دیا گیا ہے,,Biased
اس کے علاوہ شیش محل میں پویلین کی بحالی اور تکنیکی کام بہی اس فنڈ سے کیا جائے گا اپنے دورے کے موقع پر گفتگو کرتے ہوئے امریکی سفیر ڈونلڈ بلوم نے کہا کہ امریکی مشن کو تحفظ کے لیے والڈ سٹی آف لاہور اتہارٹی اور آغا خان کلچرل سروس پاکستان کے ساتہ شراکت پر فخر ہے,,Biased
انہوں نے سوال اٹہایا کہ عمران خان کو کس نے مقدمے بنانے کا اختیار دیا تہا؟ اصولی بات ہے کہ کسی بہی سیاستدان کو جیل میں ڈالنے کا اختیار آپ کے پاس نہیں ہونا چاہیے کیونکہ یہ اختیار انتقام بن جاتا ہے سابق وزیراعظم نے کہا کہ 50سال میں 73 کے آئین کے تحت جونیجو کے علاوہ تمام وزرائے اعظم جیل گئے,,Biased
لاہو ر جنرل رپورٹر پاکستان مسلم لیگ ن کے سینئر رہنما اور وزیر داخلہ رانا ثنا اللہ نے کہا ہے ہماری رائے ہے قومی و صوبائی الیکشن ایک ساتہ ہوں اپنے ایک بیان میں کہا اگر عمران خان ہارا تو ہم پر الزام لگائے گا نگران سیٹ اپ نہیں تہا اسلئے ہارا الیکشن کمیشن کو بہتر فیصلہ کرنا چاہیے الیکشن استحکام کا باعث بننا چاہیے نہ کہ نئے دہرنے اور افرا تفر ی کا,,Biased
عمران خان نے پاکستان کے تعلقات دوست ملک سے خراب کیے یہ سب ان کا اپنا کیا دہرا ہے وہ کرپشن کیخلاف مہم چلا رہے تہے خود سا تہ ساتہ گہٹیا ترین کرپشن کر رہے تہے اگر وہ میرٹ پر قانون کے مطابق نااہل ہوتے ہیں تو ان کو بالکل ہونا چاہیے,,Biased
کراچی مانیٹرنگ ڈیسک سابق صدر آصف علی زرداری نے کہا ہے کہ آئندہ سال گنے کی فی من قیمت 4 سو روپے کی جائے گی پیپلز پارٹی کے سربراہ آصف علی زرداری نے کہا کہ کاشت کاروں اور کسانوں سے انصاف کرنے سے ملک کی زراعت ترقی کرے گی ان کو محنت کا پہل ملنے سے حوصلہ افزائی ہوگی,,Biased
اسلام آباد آن لائن پاکستا ن اور آئی ایم ایف کے درمیان نویں جائزے کیلئے ورچوئیل مذاکرات ایک روز کیلئے ملتوی ہوگئے ذرائع کے مطابق مذاکرات آئی ایم ایف کی درخواست پر ملتوی کئے گئے,,Biased
وزیر خزانہ کا کہنا ہے کہ سینٹ ترمیمی بل پر سفارشات جمعہ کے روز مکمل کر کے قومی اسمبلی سیکریٹریٹ کو بہجوا سے گی ذرائع کے مطابق پاکستان اور آئی ایم ایف کے درمیان معاہدہ بہی منی بجٹ پل ہاس ہونے کا امکان ہے,,Biased
دوسرے مرحلے میں پشاور شہر سے تحریک انصاف کے 200 کارکنان اور 5 لیڈرز جیل بہرو تحریک کے سلسلے میں جیل جائیں گے ذرائع کے مطابق جیل بہرو تحریک کے طریقہ کار کے تحت روزانہ کی بنیادوں پر ایک شہر سے گرفتاریاں پیش کی جائیں گی,,Biased
لاہور جنرل رپورٹر وزیراعظم محمد شہباز شریف کی مشیر وزیراعظم احد چیمہ کی والدہ کی وفات پر تعزیت کے لیے لاہور میں ان کی رہائش گاہ آمدوزیراعظم کی مرحومہ کی مغفرت اور بلندی درجات کی اور احد چیمہ اور ان کے اہل خانہ کے لیے صبر جمیل کی دعا کی اور کہا کہ والدہ کی وفات ناقابل تلافی نقصان ہے اللہ تعالیٰ مرحومہ کو جنت الفردوس میں اعلی مقام عطا فرمائے اور اہل خانہ کو صبر جمیل عطا کرے,,Biased
ملتان مانیٹرنگ ڈیسک ریلی روسو کی شاندار بیٹنگ ملتان سلطانز نے کوئٹہ گلیڈی ایٹرز کو 9 وکٹوں سے شکست دے دی ملتان کرکٹ سٹیڈیم میں ہونیوالے پی ایس ایل 8 کے تیسرے میچ میں کوئٹہ گلیڈی ایٹرز کی پوری ٹیم 18.5 اوورز میں 110 سکور پر ڈہیر ہوگئی ملتان سلطانز نے مقررہ ہدف 13.3 اوورز میں باآسانی حاصل کرلیا,,Biased
صوبائی وزیر اطلاعات عامر میر صوبائی وزیر لوکل گورنمنٹ اینڈ کمیونٹی ڈویلپمنٹ ابراہیم حسن مراد سیکرٹری بلدیات سیکرٹری اطلاعات کمشنر لاہور ڈویڑن ڈپٹی کمشنر ڈی جی شہر خموشاں اتہارٹی ڈی جی پی آر اور دیگر حکام نے اجلاس میں شرکت کی ذرائع کا کہنا ہے کہ نگران وزیراعلیٰ پنجاب محسن نقوی کو ننکانہ صاحب میں پیش آنے والے افسوسناک واقعہ کی انکوائری رپورٹ موصول ہو گئی ہے,,Biased
ذرائع کے مطابق نگران وزیراعلیٰ محسن نقوی نے انکوائری رپورٹ کی روشنی میں فوری طور پر ڈی پی او ننکانہ کو عہدے سے ہٹانے کا فیصلہ کیا ہے ذرائع کے مطابق انکوائری رپورٹ کی روشنی میں دیگر ذمہ داران کے خلاف بہی کارروائی کی جائے گی اور نگران وزیراعلیٰ محسن نقوی نے ٹرائل کو جلد از جلد مکمل کرنے کیلئے تمام وسائل بروئے کار لانے کی ہدایت کی ہے,,Biased
ان کا کہنا تہا قمر جاوید باجوہ عارف علوی اور میری میٹنگ میں صرف انتخابات پر بات ہوئی اپنے دور حکومت میں 100 فیصد سیکہا کہ کسی آرمی چیف کی ملازمت میں توسیع نہیں ہونی چاہیے انہوں نے کہا کہ اسحاق ڈار صدر عارف علوی سے اس لیے ملے کہ صدر آرڈیننس پر دستخط کریں صدر فنانس بل پر رکاوٹ نہیں بنیں گے لیکن تحریک انصاف سینیٹ میں فنانس بل کی بہرپور مخالفت کرے گی,,Biased
انہوں نے کہاکہ 86رکنی تاریخی کابینہ کے ساتہ اشرافیہ کی قربانی کہاں؟ شروعات تو حکومت اپنے گہر سے کرے انہوں نے کہاکہ ہر بار قربانی عوام کیوں دیں؟,,Biased
اسلام آبادکی بینکنگ کورٹ کی جج رخشندہ شاہین نے عمران خان کی درخواست ضمانت پر سماعت کی عمران خان کے وکیل بیرسٹر سلمان صفدر نے دلائل دیتے ہوئے کہا کہ عمران خان 70 سال سے زائد عمر کے آدمی ہیں اور ورزش کی وجہ سے سپر فٹ ہیں کسی نوجوان کو بہی گولی لگے تو 3 مہینے ریکوری میں لگتے ہیں عمران خان کو تو عمر رسیدہ ہونے پر بائیو میٹرک سے بہی استثنیٰ ہے,,Biased
ذرائع کا کہنا ہے کہ نگران وزیراعلیٰ پنجاب محسن نقوی کو ننکانہ صاحب میں پیش آنے والے افسوسناک واقعہ کی انکوائری رپورٹ موصول ہو گئی ہے ذرائع کے مطابق انکوائری ایڈیشنل آئی جی ذوالفقار حمید کی سربراہی میں 3 رکنی کمیٹی نے کی جس میں 2 ڈی آئی جی بہی شامل تہے,,Biased
ذرائع کے مطابق انکوائری رپورٹ کی روشنی میں دیگر ذمہ داران کے خلاف بہی کارروائی کی جائے گی اور نگران وزیراعلیٰ محسن نقوی نے ٹرائل کو جلد از جلد مکمل کرنے کیلئے تمام وسائل بروئے کار لانے کی ہدایت کی ہے محسن نقوی کی ہدایت پر پی ایس ایل کی سکیورٹی کے لئے خصوصی انتظامات کیے گئے ہیں اور ملتان میں کہیلے جانے والے میچ کی لائیو مانیٹرنگ سیف سٹیز اتہارٹی لاہور میں کی جا رہی ہے,,Biased
اسلام آباد مانیٹرنگ ڈیسک نیوز ایجنسیاں الیکشن کمیشن آف پاکستان کا انتخابات کی تاریخ دینے کے حوالے سے اہم اجلاس بے نتیجہ ختم ہو گیا ذرائع کے مطابق عام انتخابات کی تاریخ دینا الیکشن کمیشن کے دائرہ اختیار میں نہیں الیکشن کمیشن کا مشاورتی اجلاس تقریباً 2 گہنٹے جاری رہا اور بغیر کسی نتیجے کے ختم ہوگیا,,Biased
چیف الیکشن کمشنر کا کہنا تہا کہ الیکشن کمیشن انتخابات کا اعلان نہیں کرسکتا اس پر جسٹس مظاہرنقوی نے سوال کیا کہ کس قانون کے تحت الیکشن کمیشن انتخابات کا اعلان نہیں کرسکتا؟چیف الیکشن کمشنر نے کہا کہ گورنر یا صدر انتخابات کا اعلان کرسکتے ہیں آئین کے آرٹیکل105 کے تحت الیکشن کمیشن انتخابات کی تاریخ نہیں دے سکتا سپریم کورٹ نے الیکشن کی راہ میں حائل رکاوٹوں پر الیکشن کمیشن سے تفصیلی رپورٹ طلب کرلی,,Biased
جسٹس مظاہرنقوی نے کہا کہ کیا آپ کو سپریم کورٹ کے احکامات کا علم نہیں تہا؟ چیف الیکشن کمشنر نے جواب دیا کہ جو ریکارڈ ملا اس میں سپریم کورٹ کے احکامات کا ذکر نہیں تہا جسٹس اعجاز الاحسن نے کہا کہ آپ صرف آئین وقانون کے پابند ہیں اپنی پالیسیوں کے نہیں,,Biased
چیف الیکشن کمشنر کا بہی کہنا تہا کہ عدالت اجازت دے تو میری جگہ سیکرٹری یا سینیئر افسر کو آج پیش ہوجائیگا جسٹس اعجاز الاحسن نے کہا کہ آپ ادارے کے سربراہ ہیں آپ خود پیش ہوں سکون سے سنیں گے,,Biased
اسلام آباد آئی این پی سپریم کورٹ بار ایسوسی ایشن کے صدر عابد زبیری نے اپنی مبینہ آڈیو کو جعلی قرار دے دیا صدر سپریم کورٹ بار نے کہا کہ سوشل میڈیا پر میری پرویز الہی کے ساتہ گفتگو کی آڈیو پہیلائی جا رہی ہے آڈیو میں سپریم کورٹ کے کیس پر اثر انداز ہونے سے متعلق میری پرویز الہی سے گفتگو شامل ہے آڈیو سننے کے بعد یقین سے کہہ سکتا ہوں کہ وہ جعلی ہے,,Biased
اسلام آباد آئی این پی وفاقی تحقیقاتی ادارے ایف آئی اے نے غداری کے مقدمے میں شوکت ترین کو اشتہاری قرار دینے کی کارروائی شروع کردی جس کے بعد ایف آئی اے شوکت ترین کی گرفتاری کے لیے اقدامات کرے گا سابق وزیر خزانہ کی گرفتاری کیلئے انٹرپول سے مدد لی جائے گی,,Biased
گورنر خیبر پختونخوا نے صوبے میں عام انتخابات کیلئے 16اپریل کی تاریخ تجویز کر دی,,Unbiased
سیکرٹری کابینہ ڈویژن احمد نواز سکہیرا ریٹائر ہو گئے,,Unbiased
دہشت گردی کے خلاف جنگ ہر قیمت پر جیتیں گی وزیراعظم آرمی چیف پارلیمنٹ سے رہنمائی لیں گے جو فیصلہ ہو گا اس پر عمل ہوگا وزیر داخلہ,,Unbiased
صدر مملکت نے پارلیمنٹ کا مشترکہ اجلاس 8 فروری کو طلب کر لیا,,Unbiased
متنازع ٹوئٹ کیس اعظم سواتی پر فردِ جرم عائد کرنے کا فیصلہ,,Unbiased
پاکستان آئی ایم ایف مذاکرا ت شروع گردشی قرضہ کم کرنے کیلئے کمیٹی قائم پاکستان کی عالمی مالیاتی فنڈ کی شرائط پوری کرنیکی یقین دہانی عملدرآمد کیلئے وقت مانگ لیا ذرائع,,Unbiased
وزیر اعظم نے وفاقی کابینہ کا اجلاس آج طلب کرلیا,,Unbiased
میانوالی دہشت گردوں کا تہانے پر حملہ ناکام پولیس کی جوابی کارروائی ملزم فرار,,Unbiased
رجسٹرار سپریم کورٹ نے نگراں وزیر اعلی پنجاب کیخلاف پی ٹی آئی کی درخواست پراعتراضات لگا دیے,,Unbiased
پشاور پولیس لائنز مسجد خودکش دہماکہ سکیورٹی کی غفلت قرار شہدا کی تعداد 100تک پہنچ گئی,,Unbiased
یو اے ای کو پاکستان کے 5 سرکاری اداروں کے شیئرز خریدنے کی پیشکش,,Unbiased
فیول ایڈجسٹمنٹ نیپرا نے بجلی 2.31روپے سستی کرنے کی منظوری دیدی,,Unbiased
پی اے سی پشاور پولیس لائنز ریڈزون میں افغان مہاجرین کی موجودگی کا انکشاف,,Unbiased
سینٹ اجلاس پشاور دہماکے پر بحث اپوزیشن حکومتی اراکین میں تلخ جملوں کا تبادلہ,,Unbiased
پشاور دہماکا ابتدائی رپورٹ وزیرِ اعظم کو پیش,,Unbiased
پشاورپولیس لائنز دہماکے کے مزید 6 شہداء کی نمازجنازہ ادا,,Unbiased
فسطائیت ملک پر مسلط نہیں ہر کام آئین اور قانون کے مطابق ہوگا مریم اورنگزیب,,Unbiased
دہشتگردی کے واقعات پر عمران خان سے جواب طلب کیا جائے بختاور بہٹو,,Unbiased
مریم نواز آج سے ملک گیر تنظیمی دوروں کا آغاز کریں گی,,Unbiased
درآمد و برآمد کا اختیار انتظامیہ کے پاس ہائیکورٹ از خود نوٹس کا اختیار استعمال نہیں کر سکتی سپریم کورٹ,,Unbiased
سانحہ پشاور ذمہ داروں کا انصاف کے کٹہرے میں لائینگے آرمی چیف تمام سیاسی قوتیں متحد ہو جائیں شہباز شریف,,Unbiased
حکومت عوام کی مشکلات کے ازالے کیلئے ہرممکن اقدامات کررہی ہے زرداری,,Unbiased
بنگلا دیش آئی ایم ایف سے 4.7 ارب ڈالر قرضہ حاصل کرنے میں کامیاب,,Unbiased
اسحاق ڈار کی مصروفیت کے باعث ای سی سی اجلاس منسوخ,,Unbiased
توشہ خانہ کیس عمران خان پر فرد جرم عائد کرنے کیلئے 7فروری کی تاریخ مقرر,,Unbiased
عمران خان کا پنجاب اورخیبرپختونخوا میں انتخابی امیدواروں کے نام فائنل کرنیکا فیصلہ,,Unbiased
